"cserial","t2q18a1","t2q18a2","t2q18a3","t2q18a4","t2q18a5","t2q18anu","t3q18a1","t3q18a2","t3q18a3","t3q18a4","t3q18a5","t3q18anu","t2q18b1","t2q18b2","t2q18b3","t2q18b4","t2q18b5","t2q18bnu","t3q18b1","t3q18b2","t3q18b3","t3q18b4","t3q18b5","t3q18bnu","t2q19a1","t2q19a2","t2q19a3","t2q19a4","t2q19a5","t2q19anu","t3q19a1","t3q19a2","t3q19a3","t3q19a4","t3q19a5","t3q19anu","t2q19b1","t2q19b2","t2q19b3","t2q19b4","t2q19b5","t2q19bnu","t3q19b1","t3q19b2","t3q19b3","t3q19b4","t3q19b5","t3q19bnu","t2q20a1","t2q20a2","t2q20a3","t2q20a4","t2q20a5","t2q20anu","t3q20a1","t3q20a2","t3q20a3","t3q20a4","t3q20a5","t3q20anu","t2q20b1","t2q20b2","t2q20b3","t2q20b4","t2q20b5","t2q20bnu","t3q20b1","t3q20b2","t3q20b3","t3q20b4","t3q20b5","t3q20bnu","t2q21a1","t2q21a2","t2q21a3","t2q21a4","t2q21a5","t2q21anu","t3q21a1","t3q21a2","t3q21a3","t3q21a4","t3q21a5","t3q21anu","t2q21b1","t2q21b2","t2q21b3","t2q21b4","t2q21b5","t2q21bnu","t3q21b1","t3q21b2","t3q21b3","t3q21b4","t3q21b5","t3q21bnu"
3,"","","","","",NA,"","","","","",0,"","","","","",NA,"","","","","",0,"","","","","",NA,"","","","","",0,"","","","","",NA,"","","","","",0,"","","","","",NA,"","","","","",0,"","","","","",NA,"","","","","",0,"","","","","",NA,"","","","","",0,"","","","","",NA,"","","","","",0
4,"","","","","",NA,"BETTER SOCIALISING","","","","",1,"","","","","",NA,"THIS MIGHT HOLD BACK THE STRONGER PUPILS","","","","",1,"","","","","",NA,"GENERAL UP BRINGING","","","","",1,"","","","","",NA,"BETTER MIX OF RELIGIONS","RELIGIOUS RELATIONSHIPS","","","",2,"","","","","",NA,"LEARN DIFFERENT CULTURES","","","","",1,"","","","","",NA,"PUPILS SHOULD ONLY BE TAUGHT ABOUT THEIR OWN RELIGION","","","","",1,"","","","","",NA,"","","","","",0,"","","","","",NA,"A LARGER BUILDING WOULD BE NEEDED","MORE INTIMIDATING FOR THE YOUNGER PUPILS","","","",2
9,"","","","","",NA,"EVERYBODYS EQUAL IN EDUCATION","EVERYONE HAS A RIGHT TO EDUCATION REGARDLESS OF RACE,COLOUR ETC","","","",2,"","","","","",NA,"","","","","",0,"","","","","",NA,"TO CONTINUE ON WITH THEIR OWN BELIEFS","NARROW MINDED","","","",2,"","","","","",NA,"BECAUSE OF THE HISTORY OF NORTHERN IRELAND","SEEN AS A WAY OF SEEING OTHER PEOPLES VIEWS","LEARNING OTHER PEOPLES TRADITIONS AND RELIGIONS","RESPECT","",4,"","","","","",NA,"FOR FINANCIAL REASONS","BONDING ISSUES","DEVELOPING TRUST EMPATHY AND UNDERSTANDING","","",3,"","","","","",NA,"NARROW MINDED","","","","",1,"","","","","",NA,"","","","","",0,"","","","","",NA,"","","","","",0
12,"","","","","",NA,"THEY WOULD BE AT A DISADVANTAGE FOR PEOPLE WHO DON'T GET INTO GRAMMAR SCHOOL","FIND THE SELECTION IS WRONG AT SUCH A YOUNG AGE","GRAMMAR SCHOOLS HAVE BETTER FACILITIES THAN SECONDARY SCHOOLS","","",3,"","","","","",NA,"EXPERIENCE OF SCHOOLS THAT HAVE AMALGAMATED","YOU WOULD END UP WITH HUGE SCHOOLS","SCHOOLS SO BIG THEY BECOME UNMANAGABLE","","",3,"","","","","",NA,"ALOT TO DO WITH THE SECTARIAN DIVIDE","CATHOLIC SHOOLS HAVE TRADITIONALLY PROMOTED RELIGION ONTO CHILDREN WHOS PARENTS HAVE NOT BEEN PRACTICING FAMILIES","SOME PROTESTANTS WANT ABSOLUTELY NOTHING TO DO WITH THE CATHOLIC CHURCH OR AUTHORITIES","SOME CATHOLICS HAVE A HARD LINE VIEW AND WANT NOTHING TO DO WITH PROTESTANT","",4,"","","","","",NA,"RESPECT FOR THE DIVERSITY OF CULTURE AND RELIGION","WOULD HELP TO BREAK DOWN THE SECTARIAN DIVIDE","MUTUAL UNDERSTANDING","","",3,"","","","","",NA,"MUTUAL UNDERSTANDING","BREAKDOWN OF SECTARIAN DIVISION","","","",2,"","","","","",NA,"","","","","",0,"","","","","",NA,"","","","","",0,"","","","","",NA,"SEVEN YEAR OLD IS YOUNG CHILD AND FOURTEEN YEAR OLD IS STREETWISE","INNOCENCE OF 7 YEAR OLD NEEDS TO BE PROTECTED FROM THE MORE WORLDLY 14 YEAR OLD","","","",2
14,"","","","","",NA,"THEY WOULD ALL BE AT AN EQUAL LEVEL","","","","",1,"","","","","",NA,"CHILDREN DO NOT ALL HAVE THE SAME ABILITY","","","","",1,"","","","","",NA,"THEY DON'T WANT THEM MIXING WITH OTHER RELIGIONS","","","","",1,"","","","","",NA,"SO THE CHILDREN ARE MORE TOLERANT","","","","",1,"","","","","",NA,"MORE TOLERANT OF OTHER RELIGIONS","","","","",1,"","","","","",NA,"DONT WANT TO MIX WITH CHILDREN OF DIFFERENT RELIGION","","","","",1,"","","","","",NA,"THEY WOULD NOT HAVE TO MOVE TO OTHER SCHOOL CHILD WOULD BE MORE SETTLED","","","","",1,"","","","","",NA,"","","","","",0
15,"","","","","",NA,"RELIGIOUS OR POLITICAL BACKGROUND","","","","",1,"","","","","",NA,"POLITICAL BACKGROUND","","","","",1,"","","","","",NA,"RELIGIOUS OR POLITICAL BACKGROUND","MISTRUST","FUNDING","LOCATION","",4,"","","","","",NA,"","","","","",0,"","","","","",NA,"WANT KIDS TO DO WELL AND SUCCEED","INTEGRATED EDUCATION","","","",2,"","","","","",NA,"BACKGROUND TO RELIGION AND POLITICS","HISTORY","","","",2,"","","","","",NA,"FINANCIAL","SCHOOL BUDGET","SUPPORT FULL INTREGRATION","","",3,"","","","","",NA,"FINANCIAL","","","","",1
17,"","","","","",NA,"PARENTS WITH DISABLED CHILDREN THINK THEY WILL GET BETTER EDUCATION WHEN PUT WITH BRIGHTER STUDENTS","","","","",1,"","","","","",NA,"","","","","",0,"","","","","",NA,"UPHOLD THE ETHOS OF THEIR RELIGIOUS SCHOOLS","","","","",1,"","","","","",NA,"","","","","",0,"","","","","",NA,"INTEGRATION AND TOLERATION OF BELIEFS, THAT WOULD BE POSITIVE SIDE","ANY ONE WHO OPPOSES WOULD BE BIGOTED","","","",2,"","","","","",NA,"","","","","",0,"","","","","",NA,"SLOW DEVELOPERS COULD FLOURISH I N THEIR TEENS","","","","",1,"","","","","",NA,"ELEMENT OF BULLYING IN DIFFERENT SITUATIIONS","","","","",1
19,"","","","","",NA,"","","","","",0,"","","","","",NA,"","","","","",0,"","","","","",NA,"IF EACH PARENT HAS A DIFFERENT VIEW","","","","",1,"","","","","",NA,"","","","","",0,"","","","","",NA,"","","","","",0,"","","","","",NA,"","","","","",0,"","","","","",NA,"","","","","",0,"","","","","",NA,"","","","","",0
20,"","","","","",NA,"THAT EVERY CHILD WOULD BE TAUGHT THE SAME THING AND THEIR WOULD BE NO SEGREGATION","","","","",1,"","","","","",NA,"THEY WANT THEIR CHILD TO BE TAUGHT AT GRAMMER SCHOOL BECAUSE IT LOOKS GOOD","","","","",1,"","","","","",NA,"THEY WOULD KNOW THE OTHER CHILDREN BECAUSE THEY WOULD BE FROM THE SAME AREA","","","","",1,"","","","","",NA,"A LOT WOULD COME FROM MIXED MARRIAGES AND CO-HABITING RELATIONSHIPS","","","","",1,"","","","","",NA,"","","","","",0,"","","","","",NA,"","","","","",0,"","","","","",NA,"IT IS TOO YOUNG TO SHIFT A CHILD AT 11 TO SECONDARY SCHOOL","","","","",1,"","","","","",NA,"","","","","",0
21,"","","","","",NA,"","","","","",0,"","","","","",NA,"","","","","",0,"","","","","",NA,"IT DEPENDS ON HOW THE PARENTS FEEL ABOUT THEIR OWN RELIGION IF THEY WANT TO HAVE THEM MIXING OR NOT","","","","",1,"","","","","",NA,"THEY WOULD RATHER THEIR CHILDREN LEARNING ABOUT OTHER PEOPLES RELIGIONS","BREAK DOWN COMMUNITY COMMUNICATION BARRIER SO THEY KNOW HOW EACH OTHER FEELS","","","",2,"","","","","",NA,"","","","","",0,"","","","","",NA,"","","","","",0,"","","","","",NA,"","","","","",0,"","","","","",NA,"","","","","",0
22,"","","","","",NA,"","","","","",0,"","","","","",NA,"","","","","",0,"","","","","",NA,"","","","","",0,"","","","","",NA,"","","","","",0,"","","","","",NA,"","","","","",0,"","","","","",NA,"","","","","",0,"","","","","",NA,"","","","","",0,"","","","","",NA,"","","","","",0
25,"","","","","",NA,"MUCH BETTER AND THEY WOULD ALL BE THE SAME AND NO ONE PERSON WOULD BE BETTER","PEOPLE IN GRAMMAR SCHOOLS THINK THEY ARE MUCH BETTER THAN CHILDREN IN SECONDARY SCHOOLS","","","",2,"","","","","",NA,"MAYBE SOME PEOPLE MIGHT PREFER GRAMMAR SCHOOLS","","","","",1,"","","","","",NA,"THEY MUST HAVE AN ISSUE WITH MIXING PROTESTANT WITH CATHOLICS","","","","",1,"","","","","",NA,"THEY WOULD LIKE THEIR CHILDREN TO MIX AT THAT AGE AS THEY WILL BE LATER ON IN THE WORK PLACE","THERE WOULD BE MORE EQUAL OPPORTUNITIES IF THE KIDS MIXED AT A YOUNG AGE.","","","",2,"","","","","",NA,"","","","","",0,"","","","","",NA,"THEY OBVIOUSLY DON'T WANT CHILDEREN TO MIX IN THE CLASSROOM","","","","",1,"","","","","",NA,"IT'S A GOOD IDEA FOR THEM TO MIX","","","","",1,"","","","","",NA,"THEY DON'T WANT THEM MIXING THEY WANT THEM TO KEEP SEPERATE THINGS","","","","",1
26,"","","","","",NA,"MORE KNOWLEDGE THAT CAN BE SHARED THROUGHOUT","","","","",1,"","","","","",NA,"","","","","",0,"","","","","",NA,"THEY WANT TO FOLLOW THEIR OWN RELIGION","THEIR CULTURE","","","",2,"","","","","",NA,"WAY FORWARD FOR OUR COMMUNITIES TO MIX/N//","","","","",1,"","","","","",NA,"BROADENING THEIR FRIENDSHIP","","","","",1,"","","","","",NA,"THEY WANT THEIR OWN RELIGION TO BE FOLLOWED","","","","",1,"","","","","",NA,"THEY WOULD GET TO KNOW EVERYONE IN THEIR COMMUNITY NOT JUST THEIR OWN AGE","","","","",1,"","","","","",NA,"THEY DONT WANT YOUNG KIDS MIXING WITH OLDER KIDS","","","","",1
29,"","","","","",NA,"EQUALITY FOR ALL USERS","TRY AND STANDARDISE THE EDUCATION","","","",2,"","","","","",NA,"THAT YOU CAN LOSE THE SCHOOLS IDENTITY","","","","",1,"","","","","",NA,"TRADITION","MAINTAIN THE CENTRE OF THERE OWN COMMUNITY","PROMOTE THERE OWN COMMUNITY","","",3,"","","","","",NA,"WIDEN YOUR PRESPECTIVE","GET RID OF MISCONCEPTION","GET EVERYONE WORKING TOGETHER","","",3,"","","","","",NA,"KIDS CAN GET TO KNOW EACHOTHER","COMMUNICATION","","","",2,"","","","","",NA,"GETTING PEOPLE TO SHARE CAMPUS COULD BE HARD","KEEPING THEIR OWN IDENTITY","","","",2,"","","","","",NA,"MAKES MORE FINANICAL SENSE","VISA VERSA OF KIDS LEARNING FROM EACH OTHER","","","",2,"","","","","",NA,"DIFFERENT LEVELS OF EDUCATION FOR DIFFERENT AGES","YOUNG KIDS FEEL SWAMPED BY OLDER KIDS","","","",2
31,"","","","","",NA,"EVERY CHILD IS ENTITLED TO AFULL AND PROPER EDUCATION","DOESN'T MATTER ABOUT BACKGROUND OR RELIGION","","","",2,"","","","","",NA,"BIGOTRY","DON'T WANT TO SEE EVERYBODY TREATED THE SAME AS THEMSELVES","","","",2,"","","","","",NA,"THEY DON'T WANT TO MIX THE 2 RELIGIONS","","","","",1,"","","","","",NA,"GIVE EACH CHILD THE ABILITY TO SEE WHERE THE OTHER SIDE ARE COMING FROM","THEY WONT FIGHT","GROW UP TOGETHER","","",3,"","","","","",NA,"GOOD FOR THE CHILDREN","MORE EXPERIENCE","LEARN ABOUT OTHER CULTURES","MAKE UP OWN MIND HAVE THE OPPORTUNITY TO THINK FOR THEMSELVES","",4,"","","","","",NA,"BIGOTS","","","","",1,"","","","","",NA,"","","","","",0,"","","","","",NA,"","","","","",0
32,"","","","","",NA,"GIVEN MORE EDUCATION FOR THE KIDS","","","","",1,"","","","","",NA,"JUST WANT THE KIDS TO DO WHAT THEY DO AT SCHOOL AND THAT'S IT","","","","",1,"","","","","",NA,"I THINK IT'S JUST PEOPLES PREFERENCE","","","","",1,"","","","","",NA,"THEY THINK IT'S GOOD FOR THEM TO MIX","","","","",1,"","","","","",NA,"AGAIN IT'S GOOD FOR THEM TO MIX","","","","",1,"","","","","",NA,"THEY JUST WANT THEIR KIDS TO BE IN THEIR OWN RELIGIOUS SCHOOL SO THEREFORE THEY DON'T WANT THEM TO MIX","","","","",1,"","","","","",NA,"IT'S GOOD FOR THE KIDS NOT HAVING TO MOVE THAT IT'S IN THE SAME AREA","","","","",1,"","","","","",NA,"","","","","",0
35,"","","","","",NA,"","","","","",0,"","","","","",NA,"","","","","",0,"","","","","",NA,"","","","","",0,"","","","","",NA,"SO THEY UNDERSTAND EACH OTHER","RESPECT EACH OTHERS RELIGION","","","",2,"","","","","",NA,"","","","","",0,"","","","","",NA,"","","","","",0,"","","","","",NA,"","","","","",0,"","","","","",NA,"","","","","",0
38,"","","","","",NA,"","","","","",0,"","","","","",NA,"","","","","",0,"","","","","",NA,"JUST WANT TO BE WITH THEIR OWN RELIGION","","","","",1,"","","","","",NA,"TO BE OPEN ABOUT EDUCATING THEIR KIDS","","","","",1,"","","","","",NA,"","","","","",0,"","","","","",NA,"","","","","",0,"","","","","",NA,"MIXING SCHOOLS IS GOOD","","","","",1,"","","","","",NA,"","","","","",0
39,"","","","","",NA,"","","","","",0,"","","","","",NA,"","","","","",0,"","","","","",NA,"BECAUSE THEY HAVE THEIR OWN STRONG BELIEFS","","","","",1,"","","","","",NA,"WOULDNT HAVE STRONG BELIEFS ABOUT THERE OWN RELIGION","","","","",1,"","","","","",NA,"IF THEY PUT THEIR CHILDREN IN SAME SCHOOLS THEY WANT THERE CHILDREN TO LEARN TOGETHER AND SEE THAT IT IS POSSIBLE TO DO","","","","",1,"","","","","",NA,"","","","","",0,"","","","","",NA,"","","","","",0,"","","","","",NA,"BECAUSE THE POST PRIMARY ARE OLDER AND EDUCATION WISE OK/ SOCIALLY IT WOULDNT BE OK","","","","",1
41,"","","","","",NA,"EVERYBODY GETS THE SAME EDUCATION","","","","",1,"","","","","",NA,"CHILDREN IN GRAMMAR SCHOOLS GET BETTER EDUCATION THAN CHILDREN IN SECONDARY SCHOOLS","","","","",1,"","","","","",NA,"THAT'S THE WAY THEIR CHILDREN WERE BROUGHT UP AND THEY WANT THEM TO STAY WITH THEIR OWN RELIGION","","","","",1,"","","","","",NA,"TIME FOR A CHANGE","","","","",1,"","","","","",NA,"FOR THE TWO RELIGIONS TO BE TAUGHT TOGETHER IT'S TIME FOR THE TWO RELIGIONS TO LEARN ABOUT ONE ANOTHER","","","","",1,"","","","","",NA,"THEY JUST WANT TO BE TAUGHT ABOUT THEIR OWN RELIGION AND THEY DON'T WANT TO KNOW","","","","",1,"","","","","",NA,"GIVES THE CHILD A HEAD START","","","","",1,"","","","","",NA,"THERE THINKING OTHER CHILDEREN ARE LOSING OUT","","","","",1
43,"","","","","",NA,"THEY DON'T WANT KIDS BRANDED AS FAILURES","THEY WOULD BE JEALOUS","","","",2,"","","","","",NA,"IT DIDNT WORK IN ENGLAND","TOO COSTLY","","","",2,"","","","","",NA,"","","","","",0,"","","","","",NA,"PEOPLE ARE AFRAID","","","","",1,"","","","","",NA,"STOP WASTING MONEY","","","","",1,"","","","","",NA,"SHORT SIGHTED","","","","",1,"","","","","",NA,"WOULD NOT HAVE TO TRAVEL TO NEW SCHOOL","","","","",1,"","","","","",NA,"MAYBE BULLYING","","","","",1
45,"","","","","",NA,"BENIFIT CHILDREN IN THE LONG RUN","","","","",1,"","","","","",NA,"PREDJUDICE","","","","",1,"","","","","",NA,"","","","","",0,"","","","","",NA,"","","","","",0,"","","","","",NA,"MIXING IS GOOD","BUILD TOLERANCE","","","",2,"","","","","",NA,"PREDJUDICE","IGNORANCE","","","",2,"","","","","",NA,"","","","","",0,"","","","","",NA,"DON'T' FEEL KIDS SO YOUNG SHOULD MIX WITH THE OLDER KIDS","","","","",1
47,"","","","","",NA,"EVERYOBDY SHOULD MIX AND BE TOGETHER","","","","",1,"","","","","",NA,"","","","","",0,"","","","","",NA,"","","","","",0,"","","","","",NA,"","","","","",0,"","","","","",NA,"","","","","",0,"","","","","",NA,"","","","","",0,"","","","","",NA,"","","","","",0,"","","","","",NA,"","","","","",0
55,"","","","","",NA,"GIVE THEM MORE OF AN OPPORTUNITY TO EXPERIENCE OTHER LANGUAGES AND OTHER WAYS OF LIFE","","","","",1,"","","","","",NA,"THEY WERE BROUGHT UP THERE WAY AND WANT TO BRING THEIR KIDS UP THE SAME WAY/THEY STILL HAVE DISCRIMINATION IN THEIR MINDS","","","","",1,"","","","","",NA,"ITS THE WAY THEY WERE BROUGHT UP","","","","",1,"","","","","",NA,"GIVE THE CHILDREN OPPORTUNITY TO MINGLE AND CO OPERATE","BOTH RELIGIONS SHOULD COME TOGETHER TO GIVE THEIR KIDS A BETTER LIFE AND STOP DISCRIMINATION IN N.I.","","","",2,"","","","","",NA,"LET PEOPLE KNOW WHAT IT IS LIKE TO BE CATHOLIC AND WHAT IT IS LIKE TO BE PROTESTANT/STOP DISCRIMINATION","","","","",1,"","","","","",NA,"THINK THERE WOULD BE CONFLICT INVOLVED","","","","",1,"","","","","",NA,"RATHER THAN SENDING A CHILD MILES OUT OF TOWN HANDIER FOR TRANSPORTATION REASONS","","","","",1,"","","","","",NA,"IN CASE OF BULLYING","","","","",1
56,"","","","","",NA,"EVERY BODY GETS THE SAME QUALITY OF EDUCATION","","","","",1,"","","","","",NA,"","","","","",0,"","","","","",NA,"","","","","",0,"","","","","",NA,"","","","","",0,"","","","","",NA,"JUST TO GET CHILDREN TO MIX AND FIND OUT MORE ABOUT CHILDREN FROM DIFFERENT BACKGROUNDS TO THEIR OWN/N//","","","","",1,"","","","","",NA,"","","","","",0,"","","","","",NA,"","","","","",0,"","","","","",NA,"","","","","",0
57,"","","","","",NA,"INCREASED AWARENESS OF OTHER PEOPLES CULTURES AND BELIEFS","BY INCREASING THEIR AWARENESS IT WOULD INCREASE THEIR EMPATHY AND TOLERANCE","","","",2,"","","","","",NA,"WOULD DILUTE THEIR BELIEFS AND THEIR OWN VALUES","","","","",1,"","","","","",NA,"THAT THERE OWN BELIEF CAN BE PROMOTED","","","","",1,"","","","","",NA,"BETTER PREPARATION OF LIFE BEYOUND SCHOOLS/ KNOWING THAT THE WILL HAVE TO INTEGRATE WITH ALL RELIGIONS AFTER SCHOOL YEARS","","","","",1,"","","","","",NA,"MORE OF A REFLECTION OF LIFE OUTSIDE OF SCHOOL","","","","",1,"","","","","",NA,"THAT THEIR OWN BELIEFS ARE TOO STRONG TO THINK THEY COULD MIX WITH OTHERS","","","","",1,"","","","","",NA,"MORE OF A NATURAL TRANSITION FROM PRIMARY TO POST PRIMARY","","","","",1,"","","","","",NA,"THAT IT DENIES YOUNGER CHILDREN THE CHANCE TO OPERATE AT THERE OWN LEVEL OF MATURITY","THEY WILL GROW UP TOO FAST","","","",2
58,"","","","","",NA,"INTEGRATE ALL CHILDREN INTO BOTH COMMUNITIES","MAYBE AN AIM TO CLOSE SMALLER SCHOOLS","","","",2,"","","","","",NA,"","","","","",0,"","","","","",NA,"PARENTS OPINION PASSED DOWN TO CHILDREN","BRINGING COMMUNITIES TOGETHER","PARENTS OPINION PASSED DOWN","","",3,"","","","","",NA,"BRINGS COMMUNITIES TOGETHER","","","","",1,"","","","","",NA,"BUILDING BETTER RELATIONS","","","","",1,"","","","","",NA,"CAUSE DIVIDE","","","","",1,"","","","","",NA,"","","","","",0,"","","","","",NA,"","","","","",0
64,"","","","","",NA,"BENEFITS ALL ON EQUAL BASES","","","","",1,"","","","","",NA,"HOLDS BACK PUPILS WITH MORE NATURAL ABILITY","","","","",1,"","","","","",NA,"BIGITORY","","","","",1,"","","","","",NA,"BENEFITS THE WHOLE COMMUNITY","BETTER UNDERSTANDING IN THE COMMUNITY","","","",2,"","","","","",NA,"","","","","",0,"","","","","",NA,"","","","","",0,"","","","","",NA,"","","","","",0,"","","","","",NA,"DISTINCT DIFFERENCE BETWEEN AGES","","","","",1
68,"","","","","",NA,"","","","","",0,"","","","","",NA,"","","","","",0,"","","","","",NA,"","","","","",0,"","","","","",NA,"CHILDREN SHOULD BE MIXED","","","","",1,"","","","","",NA,"","","","","",0,"","","","","",NA,"","","","","",0,"","","","","",NA,"","","","","",0,"","","","","",NA,"","","","","",0
69,"","","","","",NA,"MAKE EVERYONE EQUAL","MORE ECONOMIC","DEMOGRAPHICS","","",3,"","","","","",NA,"","","","","",0,"","","","","",NA,"HISTORICAL REASONS","RELIGIOUS EDUCATION","NARROW MINDEDNESS","","",3,"","","","","",NA,"","","","","",0,"","","","","",NA,"INTEGRATION AND TOLERATION OF BELIEFS, THAT WOULD BE POSITIVE SIDE","BREAK DOWN POLITICAL DIVIDE","PROMOTE SCHOOL AS COMMON DENOMINATER INSTEAD OF RELIGION","","",3,"","","","","",NA,"NARROWMINDED","","","","",1,"","","","","",NA,"NO SELECTION NO 11 PLUS","MORE PEOPLE ARE IN THE COMPREHENSIVE SYSTEM","","","",2,"","","","","",NA,"","","","","",0
71,"","","","","",NA,"","","","","",0,"","","","","",NA,"","","","","",0,"","","","","",NA,"UP TO THEMSELVES","","","","",1,"","","","","",NA,"PARENTS PREFERENCE","","","","",1,"","","","","",NA,"","","","","",0,"","","","","",NA,"FAVOURITISM","","","","",1,"","","","","",NA,"","","","","",0,"","","","","",NA,"","","","","",0
74,"","","","","",NA,"GIVE CHILD A FAIR CHANCE","TO MAKE SURE EVERY CHILD SCORED THE SAME WAY","","","",2,"","","","","",NA,"NOT ALL CHILDREN THE SAME","INFLEXIBLE FOR CHIDREN WHO NEED TO BE TAUGHT DIFFERENTLY","","","",2,"","","","","",NA,"TEACHING OF THE RELIGION","","","","",1,"","","","","",NA,"BETTER INTEGRATION AND KNOWLEDGE OF OTHER CULTURES","","","","",1,"","","","","",NA,"TO BECOME AWARE OF OTHER RELIGIONS AND CULTURE","","","","",1,"","","","","",NA,"SOME PEOPLE STILL BITTER AND DON'T WANT CHILDREN MIXING","IGNORANCE","","","",2,"","","","","",NA,"","","","","",0,"","","","","",NA,"","","","","",0
75,"","","","","",NA,"EQUALITY AGENDA","EVERYONE EQUAL","","","",2,"","","","","",NA,"SCOPES FOR SPECIALISM","ACADEMIC ABILITY","DIFFERENTIATING","IDENTITY ISSUES","",4,"","","","","",NA,"CULTURAL AMBITIONS","SPORTS","","","",2,"","","","","",NA,"PROMOTE GOOD RELATIONS","DIVERSITY","SHARING OF RESOURCES","LEARNING OF DIFFERENT CULTURES","",4,"","","","","",NA,"PROMOTE ACCEPTANCE OF DIFFERENCES","DIVERSE INTERACTION","","","",2,"","","","","",NA,"SPECIAL SUPPORT TO FACILITATE IT","STAFF ABLE TO DEAL WITH POSITION","TRAVEL INCONVENIENT","","",3,"","","","","",NA,"ECONOMY SALE IN MANAGEMENT","RESOURCES","MORE DEVELOPMENT IN SAME ENVIRONMENT","","",3,"","","","","",NA,"CHILD PROTECTION ISSUES","DIVERSITY IN AGE GROUPS","BULLYING","","",3
77,"","","","","",NA,"EVERYBODY HAS THE RIGHT TO THE SAME EDUCATION.","RIGHT TO BE PLACED IN A SCHOOL OF THEIR CHOICE.","MOST RESPECT FOR EACH OTHER IF ITS ALL ABILITY","","",3,"","","","","",NA,"FEEL THEY WERENT GETTING THE SAME LEVEL OF TEACHING.","SOME TEACHERS WOULD GO QUITE SLOWLY FOR SOME PUPILS","FEEL THEY WOULD NOT BE GIVEN THE SAME CHANCE. SOME CHILDREN WOULD NOT GET THE ONE ON ONE SUPPORT THEY NEED AND OTHER PUPILS WOULD NOT BE GIVEN THE OPPORTUNITIES THEY NEED","","",3,"","","","","",NA,"FEARS OF THEIR CHILDREN BECOMING BEST FRIENDS WITH CHILDREN OF THEIR OWN RELIGION","ISSUES WITH TEACHING RELIGION, PEOPLE WITH DIFFERENT VIEWS AND BELIEFS.","","","",2,"","","","","",NA,"IMPORTANT FOR THE FUTURE, THAT YOU'RE ABLE TO MIX WITH DIFFERENT RELIGIONS. GOOD TEAM WORK.","LESS CONFLICT. BETTER UNDERSTANDING OF EACH OTHER.","MORE RESPECT FOR EACH OTHER.","","",3,"","","","","",NA,"RESPECTING EACH OTHERS BELIEFS.","LESS CONFLICT. ABLE TO WORK BETTER IN THE FUTURE","","","",2,"","","","","",NA,"RELIGIOUS CONFLICT.","SMALL PRECENTAGE OF PEOPLE WITH A FEAR OF RELATIONSHIPS WITH PEOPLE OF OTHER RELIGIONS.","RELIGIOUS BELIEFS NOT BEING TAUGHT ADEQUATELY.","","",3,"","","","","",NA,"11 YEARS IS TOO YOUNG TO BE LEAVING POST-PRIMARY.","MATURITY, 14 IS A GOOD AGE TO BE MAKING DECISIONS.","","","",2,"","","","","",NA,"","","","","",0
78,"","","","","",NA,"MORE UNIFORMITY","NO BIAS","FAIRER EDUCATION SYSTEM","","",3,"","","","","",NA,"THE HIGHER PERFOMING CHILDREN SHOULD BE GIVEN OPPURTUNITY TO PROGRESS","PUPILS WHO CANT PERFORM AT HIGHER LEVEL SHOULD GE GIVEN A CHANCE TO IMPROVE THEY MAY NEED TO BE GIVEN THE OPPORTUNITY TO LEARN AT A SLOWER PACE","","","",2,"","","","","",NA,"TO ENSURE CHILDREN ARE GIVEN BEST BASIC UNDERSTANDING OF THEIR RELIGION","SPECIFIC TIME ALLOCATED TO RELIGION CLASS","KEEPING RELIGION TO FORGROUND","","",3,"","","","","",NA,"WANT INTEGRATION NOT SEGREGATION","TO SEPERATE THE LINK BETWEEN RELIGION AND POLITICS","SHARED VIEWS","","",3,"","","","","",NA,"ALL GETTING SAME EDUCATION","","","","",1,"","","","","",NA,"POLITICS","RELIGION","DIFFERENT COURSE WORK","","",3,"","","","","",NA,"ALL CHILDREN MATURE AT DIFFERENT AGE BUT AT 14 THEY CAN DECIDE IF THEY WANT TO GO ON TO FURTHER EDUCATION OR LEAVE SCHOOL","","","","",1,"","","","","",NA,"","","","","",0
79,"","","","","",NA,"","","","","",0,"","","","","",NA,"","","","","",0,"","","","","",NA,"BECAUSE OF THEIR OWN BACKGROUND","STAY WITH WHAT THEY KNOW","","","",2,"","","","","",NA,"BECAUSE OF THE TROUBLES IN NORTHERN IRELAND IT WOULD GIVE A BALANCE","INTERGRATE WITH OTHER RELIGIONS","TO HAVE AN UNDERSTANDING OF OTHER RELIGIONS","","",3,"","","","","",NA,"INTERGRATION WITH PEOPLE WITH DIFFERENT BACKGROUNDS","MORE UNDERSTANDING","","","",2,"","","","","",NA,"MIGHT NOT WANT THEIR CHILDREN INTERGRATING WITH OTHER RELIGIONS","","","","",1,"","","","","",NA,"","","","","",0,"","","","","",NA,"","","","","",0
80,"","","","","",NA,"","","","","",0,"","","","","",NA,"","","","","",0,"","","","","",NA,"KEEPING CHILDREN ALL THE SAME RELIGION","THEY MAY HAVE BLINKERED VIEWS","","","",2,"","","","","",NA,"BECAUSE THEY WANT ALL CHILDREN TO BE EQUAL","KEEPING THE PEACE PROCESS GOING","","","",2,"","","","","",NA,"","","","","",0,"","","","","",NA,"","","","","",0,"","","","","",NA,"","","","","",0,"","","","","",NA,"","","","","",0
84,"","","","","",NA,"","","","","",0,"","","","","",NA,"","","","","",0,"","","","","",NA,"BIGOTRY","CATHOLIC RELIGION","","","",2,"","","","","",NA,"","","","","",0,"","","","","",NA,"MIXING PROTESANTS AND CATHOLICS","","","","",1,"","","","","",NA,"BIGOTRY","NOT WANTING PUPILS MIXING","","","",2,"","","","","",NA,"","","","","",0,"","","","","",NA,"","","","","",0
85,"","","","","",NA,"MAKES IT EASIER FOR THEM","","","","",1,"","","","","",NA,"THEY DON'T WANT CHANGE","","","","",1,"","","","","",NA,"ITS ALWAYS BEEN THAT WAY","","","","",1,"","","","","",NA,"TRYING FOR CHANGE","","","","",1,"","","","","",NA,"INTEGRATE","HOPEFULLY THEY ARE NOT TRYING TO CLOSE SMALL SCHOOLS","","","",2,"","","","","",NA,"HAPPY FOR CHILDREN TO GO TO THEIR OWN RELIGIONS SCHOOL","","","","",1,"","","","","",NA,"SAVE ON SCHOOLS","","","","",1,"","","","","",NA,"THERE ARE BIG AGE GAPS BETWEEN KIDS","","","","",1
91,"","","","","",NA,"BRINGING CHILDREN TOGETHER","","","","",1,"","","","","",NA,"","","","","",0,"","","","","",NA,"CLOSING THE DIVIDE","","","","",1,"","","","","",NA,"","","","","",0,"","","","","",NA,"","","","","",0,"","","","","",NA,"","","","","",0,"","","","","",NA,"","","","","",0,"","","","","",NA,"","","","","",0
93,"","","","","",NA,"FAIRNESS","","","","",1,"","","","","",NA,"","","","","",0,"","","","","",NA,"NARROW MINDED","HOT HEADS","","","",2,"","","","","",NA,"DO AWAY WITH GREAT DIVIDE","","","","",1,"","","","","",NA,"NO REASON WHY NOT","","","","",1,"","","","","",NA,"RELIGIOUS DIFFERENCES","NARROW MINDNESS","","","",2,"","","","","",NA,"GOOD FOR THE CHILD TO HAVE EXTRA YEARS TO DECIDE","","","","",1,"","","","","",NA,"CAN'T IMAGINE ANYONE WOULD","","","","",1
94,"","","","","",NA,"","","","","",0,"","","","","",NA,"","","","","",0,"","","","","",NA,"SHOULD STAY WITH SAME RELIGION IN PRIMARY SCHOOL UP TO CONFIRMATION TO LEARN ABOUT THEIR OWN RELIGION","","","","",1,"","","","","",NA,"","","","","",0,"","","","","",NA,"WHY NOT BE TAUGHT TOGETHER","","","","",1,"","","","","",NA,"","","","","",0,"","","","","",NA,"","","","","",0,"","","","","",NA,"","","","","",0
95,"","","","","",NA,"","","","","",0,"","","","","",NA,"","","","","",0,"","","","","",NA,"","","","","",0,"","","","","",NA,"SENSIBLE IDEA","THE WAY FORWARD","","","",2,"","","","","",NA,"","","","","",0,"","","","","",NA,"","","","","",0,"","","","","",NA,"","","","","",0,"","","","","",NA,"","","","","",0
98,"","","","","",NA,"SPECIAL NEEDS","CHILDREN LEARN FROM EACH OTHER","GREATER MIX OF TEACHERS","MORE EFFECTIVE FOR CHILDREN IF ENVIRONMENT IS LOCALLY","",4,"","","","","",NA,"SPECIAL NEEDS WOULD NOT BE CATERED TO","CHILDREN AT TOP END OR LOWER END OF SCALE WOULD SUFFER","STANDARD WOULD BE LOWERED TO ACCOMMODATE EVERYBODY","","",3,"","","","","",NA,"MANTAIN THEIR VALUES","RELIGION IS IMPORTANT TO THEM","","","",2,"","","","","",NA,"HELPS TO INTERGRATE AND WORK TOGETHER","LEARNING PROCESS IS MORE IMPORTANT THAN CHILDREN","THAT ACCEPT ECAH OTHER RELIGION AND CULTURE","","",3,"","","","","",NA,"CHILDREN MIX BETTER","BETTER USE OF RESOURCES","","","",2,"","","","","",NA,"MAINTAIN THEIR OWN RELIGION","","","","",1,"","","","","",NA,"CHILDREN REMAIN IN THE SAME SCHOOL LONGER","IT IS A BIT YOUNG FOR A 11 YR OLD TO BE GOING TO POST PRIM","","","",2,"","","","","",NA,"THERE'S A BIG DIFFERENCE BETWEEN 7 AND 14YR OLDS","CHILDREN ARE KEEN TO MOVE ON","","","",2
99,"","","","","",NA,"BECAUSE CHILD MAY NOT BE ABLE TO ATTEND SCHOOL OF CHOICE","PARENTS WOULD APPROVE OF THIS PROVIDING WIDE RANGE OF TOPICS FOR THE CHILD","","","",2,"","","","","",NA,"MAYBE POLITIC |MAYBE POLITICAL","RELIGION","SOME SENSE OF SUPERIORITY","","",3,"","","","","",NA,"POLITICAL","RELIGION","NARROW MINDNESS","PRESSURE ON PARENTS TO SEND CHILDREN TO CERTAIN SCHOOLS FROM THE CHURCH","",4,"","","","","",NA,"REDUCE OR CUT OUT SECTARIANISM","BROADER OUTLOOK IN LIFE","BETTER PROSPECTS","BETTER JOB OPPORTUNITIES","BETTER FAIRER SYSTEM",5,"","","","","",NA,"IF THE TWO RELIGION COME TOGETHER THEY SHOULD BE TAUGHT TOGETHER","LENDS ITSELF TO BETTER INTERGRATION AND RESPECT FOR EACH OTHER","","","",2,"","","","","",NA,"OVER PROTECTIVE","NARROW MINDNESS","","","",2,"","","","","",NA,"","","","","",0,"","","","","",NA,"THE AGE GAP BETWEEN 7 AND 14YR OLDS IS TOO GREAT A GAP","EMPLOYMENT OF TEACHERS","","","",2
104,"","","","","",NA,"","","","","",0,"","","","","",NA,"","","","","",0,"","","","","",NA,"MAYBE BECAUSE CHILDREN IN THE FUTURE WILL BE WORKING WITH MIXED RELIGION SO IT PREPARES THEM","IT WOULD BRING MORE PEACE/KEEP PEACE IN THE COUNTRY","BETTER EDUCATION SYSTEM MAY COME ABOUT IT SOME PEOPLE THINK","","",3,"","","","","",NA,"","","","","",0,"","","","","",NA,"","","","","",0,"","","","","",NA,"","","","","",0,"","","","","",NA,"","","","","",0,"","","","","",NA,"","","","","",0
106,"","","","","",NA,"GIVE PUPIL WIDER CHOICE OF CURRICULUM","","","","",1,"","","","","",NA,"STANDARD OF EDUCATION WOULD BE LOWERED","BRIGHT AND LESS BRIGHT PUPILS WOULD GET LOWER AVERAGE","","","",2,"","","","","",NA,"RELIGION DEVALUED","POLITICAL CULTURE LOST OR DIVIDED","","","",2,"","","","","",NA,"INTRODUCE CHILDREN FROM DIFFERENT COMMUNITIES WHEN THEY ARE YOUNG SO THEY GET TO KNOW ABOUT EACH OTHER","TO BUILD BRIDGES","","","",2,"","","","","",NA,"TO MIX TOGETHER AT SOME POINT","","","","",1,"","","","","",NA,"RELIGIOUS NEEDS","POLITICAL REASONS","","","",2,"","","","","",NA,"REDUCE SCHOOLS","GET RID OF ELEVEN PLUS","","","",2,"","","","","",NA,"WANTED TO RETAIN THE EXISTING SYSTEM","NOT FAIR ON YOUNG KIDS TO BE THROWN IN WITH OLDER KIDS","","","",2
113,"","","","","",NA,"FAIRER SYSTEM FOR KIDS","","","","",1,"","","","","",NA,"FEAR OF GRAMMAR SCHOOLS LOSING STATUS","","","","",1,"","","","","",NA,"BELIEVE THAT CULTURAL HERITAGE WILL BE DILUTED","","","","",1,"","","","","",NA,"TO GAIN PEACE BETWEEN COMMUNITIES","","","","",1,"","","","","",NA,"","","","","",0,"","","","","",NA,"CULTURAL HERITAGE WILL BE DENIED IF TAUGHT TOGETHER","","","","",1,"","","","","",NA,"","","","","",0,"","","","","",NA,"","","","","",0
114,"","","","","",NA,"CONSIDER IT A FAIRER SYSTEM","EVERY CHILD GETS A CHANCE","NO SELECTION","BETTER LEFT UNTIL OLDER TO MAKER CHOICES","",4,"","","","","",NA,"CHILDREN GET A BETTER EDUCATION AT GRAMMAR SCHOOL - WANT SELECTION ON THAT BASIS","","","","",1,"","","","","",NA,"RELIGIOUS TEACHING WISHED TO BE TAUGHT","WANTING TO KEEP CULTURE","","","",2,"","","","","",NA,"MAKES CHILDREN MORE OPEN MINDED","","","","",1,"","","","","",NA,"CHILDREN WOULD MIX MORE","","","","",1,"","","","","",NA,"LOSING THE CHILDRENS IDENTITY","","","","",1,"","","","","",NA,"CHILDREN MORE MATURE AT 14 TO MAKE CHOICES","TOO MUCH PRESSURE FOR CHILD OF 11 TO DO TRANSFER TEST","","","",2,"","","","","",NA,"CHILDREN GETTING GOOD EDUCATION AT THE MOMENT - NO NEED FOR CHANGE","","","","",1
116,"","","","","",NA,"","","","","",0,"","","","","",NA,"","","","","",0,"","","","","",NA,"","","","","",0,"","","","","",NA,"","","","","",0,"","","","","",NA,"","","","","",0,"","","","","",NA,"","","","","",0,"","","","","",NA,"","","","","",0,"","","","","",NA,"","","","","",0
117,"","","","","",NA,"NO DIFFERENCE MADE BETWEEN ANY CHILD","","","","",1,"","","","","",NA,"CHILD SHOULD BE TESTED TO FIND CAPABILITIES","STOP FROM HOLDING OTHER STUDENTS BACK","","","",2,"","","","","",NA,"PEOPLE WHO FEEL STRONGLY ABOUT THEIR OWN RELIGION DO NOT WANT THEIR CHILDREN MIXING WITH OTHER RELIGIONS","","","","",1,"","","","","",NA,"BETTER FOR SOCIETY","BOTH RELIGIONS SEEN AS EQUALS","","","",2,"","","","","",NA,"STRONG VIEWS ON RELIGION..KEEP KIDS TOGETHER","","","","",1,"","","","","",NA,"ALL TREATED SAME","EQUALITY","","","",2,"","","","","",NA,"CHILD DEVELOP BETTER","","","","",1,"","","","","",NA,"","","","","",0
120,"","","","","",NA,"","","","","",0,"","","","","",NA,"","","","","",0,"","","","","",NA,"","","","","",0,"","","","","",NA,"GET TO KNOW THE OTHER RELIGION AND PERSUASION OF PEOPLE","","","","",1,"","","","","",NA,"THEY SHOULD BE TAUGHT TOGETHER","","","","",1,"","","","","",NA,"","","","","",0,"","","","","",NA,"THEY WOULD BE OLD ENOGH AT 14 TO DO EXAMS","","","","",1,"","","","","",NA,"","","","","",0
121,"","","","","",NA,"PROVIDING EQUAL CHANCE","PROVIDE SAME CHOICE EDUCATION","","","",2,"","","","","",NA,"PAPER WORK WOULD BE LESS ACADEMIC","","","","",1,"","","","","",NA,"","","","","",0,"","","","","",NA,"INTERGRATION WOULD PROMOTE UNDERSTANDING","","","","",1,"","","","","",NA,"PROMOTE UNDERSTANDING","BRIDGE THE DIVIDE","NO POINT IN ALL IN SAME SCHOOL BEING TAUGHT SEPARATLEY","","",3,"","","","","",NA,"","","","","",0,"","","","","",NA,"","","","","",0,"","","","","",NA,"WHY WOULD THERE BE SEPERATE SCHOOLS","WHY CHANGE SYSTEM IF IT WORKS","","","",2
123,"","","","","",NA,"","","","","",0,"","","","","",NA,"SOME STUDENTS MAY NEED MORE TUITION THAN OTHERS//","","","","",1,"","","","","",NA,"THATS THE WAY THEY WERE BROUGHT UP THINKING THAT MENTALITY OF ONLY ONE RELIGON","","","","",1,"","","","","",NA,"TO PROHIBIT FUTURE INTEGRATION","","","","",1,"","","","","",NA,"CUT COSTS","IF THEIR NOT BEING TAUGHT RELIGON THERE IS NO REASON WHY THEY SHOULD'NT BE TAUGHT IN THE SAME CLASSROOM","","","",2,"","","","","",NA,"","","","","",0,"","","","","",NA,"","","","","",0,"","","","","",NA,"YOUNGER KIDS SHOULD BE WITH THERE OWN AGE GROUP//NOT LED ON BY AN OLDER AGE GROUP","","","","",1
127,"","","","","",NA,"","","","","",0,"","","","","",NA,"DIFFERENCE IN GRAMMAR AND SECONDARY EDUCATION","","","","",1,"","","","","",NA,"WAY THEY WERE BROUGHT UP - CONTINUE IT ON. CHILDREN CAN MAKE DECISION","","","","",1,"","","","","",NA,"NEW ERA , CHILDREN SHOULD BE MIXING","","","","",1,"","","","","",NA,"TO MIX WITH EACHOTHER","","","","",1,"","","","","",NA,"DEPENDING ON SUBJECT - RELIGION HAVE SEPERATE","","","","",1,"","","","","",NA,"CHILDREN AT 11 IS HORRENDOUS GOING THROUGH EXAM, TOO YOUNG AND TOO MUCH PRESSURE","","","","",1,"","","","","",NA,"TOO OLD AT 14, ELEVEN IS GOOD AGE","","","","",1
129,"","","","","",NA,"EVERY CHILD HAS SAME OPPORTUNITY","TO CATER FOR CHILDREN WITH SPECIAL NEEDS","","","",2,"","","","","",NA,"FOR SOME PEOPLE IT MIGHT BE SOCIAL REASONS","BETTER OPPURTUNITIES FOR PUPILS","","","",2,"","","","","",NA,"NATURAL THINK FOR PARENTS TO DO","","","","",1,"","","","","",NA,"PROGRESS FOR THE COUNTRY","BETTER COMMUNITY RELATIONS","","","",2,"","","","","",NA,"HELP CHILDREN FEEL THEY BELONG AND NOT DIFFERENT FROM EACH OTHER","","","","",1,"","","","","",NA,"","","","","",0,"","","","","",NA,"AGAINST ELEVEN PLUS","ELEVEN BEING TOO YOUNG","TO PROVID BETTER OPTION 14 BEING T BETTER AGE TO TRANSFER","","",3,"","","","","",NA,"OLDER CHILDREN MAY INFLUENCE YOUNGER","I BELIEVE 11 IS OLD ENOUGH FOR POST-PRIMARY EDUCATION","","","",2
131,"","","","","",NA,"ALL CHILDREN EQUAL","EQUAL CHOICES FOR PUPILS","","","",2,"","","","","",NA,"NOT WORKABLE","SO MANY DIFFERENT ABILITIES","","","",2,"","","","","",NA,"WANT STRONG BASIS OF OWN RELIGION TAUGHT","","","","",1,"","","","","",NA,"UNDERSTANDING OF OTHER RELIGION","MORE TOLERENCE FOR OTHER RELIGION","UNDERSTANDING","","",3,"","","","","",NA,"LEARN AND TOLERATE OTHER RELIGIONS","UNDERSTAND BELIEF","","","",2,"","","","","",NA,"","","","","",0,"","","","","",NA,"TAKE AWAY STIGMA OF 11 PLUS EXAM","","","","",1,"","","","","",NA,"","","","","",0
132,"","","","","",NA,"","","","","",0,"","","","","",NA,"SOME AUTISM BOARDS DO NOT CATER FOR SPECIAL NEEDS CHILDREN","NOT WILLING TO CLOSE DOORS,GATES","","","",2,"","","","","",NA,"IGNORENCE","","","","",1,"","","","","",NA,"MIX AND GET ON TOGETHER","","","","",1,"","","","","",NA,"MIX","","","","",1,"","","","","",NA,"BELIEF SYSTEM","","","","",1,"","","","","",NA,"","","","","",0,"","","","","",NA,"EVERYBODY SHOULD DO WHATEVER THERE OWN BELIEFS ARE","","","","",1
133,"","","","","",NA,"","","","","",0,"","","","","",NA,"","","","","",0,"","","","","",NA,"NOT INTEGRATING WITH OTHER DENOMINATION","","","","",1,"","","","","",NA,"MEET AND GET TO KNOW OTHER RELIGIONS","","","","",1,"","","","","",NA,"","","","","",0,"","","","","",NA,"IN CASE OF SUBJECTS SUCH AS RELIGION","","","","",1,"","","","","",NA,"PRIMARY CHILDREN ARE NOT MATURE ENOUGH TO COPE WITH BEING MIXED WITH OLDER CHILDREN","","","","",1,"","","","","",NA,"SOME YOUNGER CHILDREN ARE NOT MATURE ENOUGH","","","","",1
134,"","","","","",NA,"THAT THEY WOULD LIKE FREE LEVEL EDUCATION","","","","",1,"","","","","",NA,"THEY CAN AFFORD TO PAY FOR SCHOOLING","","","","",1,"","","","","",NA,"THEY ARE BIASED","THEY THAT DONT WANT THE CHILDREN TO MIX","","","",2,"","","","","",NA,"WANT THE WAY PROTESTANT AND CATHOLIC DEAL WITH EACH OTHER TO CHANGE","","","","",1,"","","","","",NA,"THEY WANT THE CHILDREN TO ALL HAVE A FAIR CHANCE IN EDUCATION","","","","",1,"","","","","",NA,"THEY MIGHT FEEL THAT THE CHILDREN ARE MISSING OUT ON SOME EDUCATION","","","","",1,"","","","","",NA,"","","","","",0,"","","","","",NA,"","","","","",0
135,"","","","","",NA,"IT GIVES OPENESS AND FREEDOM/ALL GET SAME EDUCATION","","","","",1,"","","","","",NA,"THINKING CLASSES ARE GOING TO BE STREAMED","WORRIES ABOUT COMPETITION WITH PEERS","WORRIES ABOUT THEM LEARNING AT THEIR OWN LEVEL","WORRIES WILL THE CHILD BE STRETCHED OR GIVEN SUPPORT?","",4,"","","","","",NA,"THROUGH THEIR FEARS AND LACK OF KNOWLEDGE AND ALSO THEIR POLITICAL BELIEFS","","","","",1,"","","","","",NA,"GIVES THEM A CHANCE OF MIXING","GIVES THEM OPPORTUNITIES TO LEARN ABOUT EACH OTHERS BELIEFS/RELIGION AND CULTURES","","","",2,"","","","","",NA,"CHILDREN GET TO KNOW EACH OTHER SEE THAT THEY ARE ALL THE SAME","WILL BRING PEACE IN N.I","","","",2,"","","","","",NA,"SAY THAT IT WOULD BE A WASTE OF TIME","AFRAID OF WHAT THEIR CHILDREN MIGHT LEARN FROM OTHER RELIGIONS","","","",2,"","","","","",NA,"WOULD BE MORE NURTURING AND LESS DEMANDING","WOULD NOT HAVE TO TAKE THE 11+","","","",2,"","","","","",NA,"GOES AGAINST THE NORM AND TRADITION","","","","",1
137,"","","","","",NA,"","","","","",0,"","","","","",NA,"THAT BRIGHTER STUDENTS WOULDN'T BE TESTED AS MUCH","","","","",1,"","","","","",NA,"","","","","",0,"","","","","",NA,"GIVE THE CHILDREN A CHANCE TO MIX WITH OTHER CHILDREN","BREAK THE BARRIERS OF RELIGION","","","",2,"","","","","",NA,"THAT THE CHILDREN FROM BOTH RELIGION ARE TAUGHT IN THE SAME CLASSROOM","","","","",1,"","","","","",NA,"","","","","",0,"","","","","",NA,"","","","","",0,"","","","","",NA,"","","","","",0
139,"","","","","",NA,"BECAUSE THEY WANT EVERYBODY TO BE TREATED THE SAME","","","","",1,"","","","","",NA,"THEY WANT THEIR OWN RELIGION MORE AND THEIR OWN RELIGION SHOULD BE TAKEN INTO CONSIDERATION","","","","",1,"","","","","",NA,"THEY DON'T KNOW ANY DIFFERENT","","","","",1,"","","","","",NA,"TO HAVE A MIXTURE FOR CHILDREN TO LEARN ABOUT OTHER CHILDREN","A WIDER SCOPE ON OTHER PEOPLES OPINIONS","","","",2,"","","","","",NA,"THEY WOULD GET A WIDER VIEW ON OTHER PEOPLE","","","","",1,"","","","","",NA,"THEY DON'T KNOW ANY DIFFERENT","JUST IGNORANT FOR NOT EXPLORING THAT AVENUE","","","",2,"","","","","",NA,"EASIER ON THE CHILDREN","","","","",1,"","","","","",NA,"TOO MANY RESOURCES ARE BEING PUT ON THE CHILDREN","","","","",1
140,"","","","","",NA,"","","","","",0,"","","","","",NA,"DIFFERENT ABILITIES OF CHILDREN. MORE CAPABLE CHILDREN NEED TO BE SEPERATED.","","","","",1,"","","","","",NA,"SECTARIAN","ITS BEEN THE NORM FOR SO LONG","","","",2,"","","","","",NA,"","","","","",0,"","","","","",NA,"SECTARIAN","","","","",1,"","","","","",NA,"","","","","",0,"","","","","",NA,"YOUNGER CHILDREN MIGHT LEARN SOMETHING FROM THERE PEERS","SOME PARENTS FEEL THERE CHILDREN ARE ALL UNDER THE SAME UMBRELLA","","","",2,"","","","","",NA,"TREAT CHILDREN AS CHILDREN AS LONG AS POSSIBLE, OR AS LONG AS NECESSARY","PREVENT BULLYING","","","",2
142,"","","","","",NA,"THAT EVERYONE BE TREATED EQUALLY","","","","",1,"","","","","",NA,"DIFFERENT STATUS IN LIFE","","","","",1,"","","","","",NA,"BETTER FUTURE RELATIONSHIPS","","","","",1,"","","","","",NA,"BETTER FOR THEIR DEVELOPMENT","","","","",1,"","","","","",NA,"BETTER FRIENDSHIP","","","","",1,"","","","","",NA,"RELIGIOUS BARRIERS","","","","",1,"","","","","",NA,"BETTER LEVEL OF LEARNING","","","","",1,"","","","","",NA,"","","","","",0
143,"","","","","",NA,"THAY THEIR CHILDREN CAN GET A BETTER EDUCATION","BETTER CHANCE AT NEW SUBJECTS","","","",2,"","","","","",NA,"","","","","",0,"","","","","",NA,"THEIR BITTER ABOUT THE HISTORY OF NORTHERN IRELAND","THINK THAT CHILDREN SHOULD ONLY BE BROUGHT UP WITH THEIR OWN RELIGON","","","",2,"","","","","",NA,"THEY HAVE RESPECT FOR BOTH RELIGONS","A LOT OF FAMILIES ARE MIXED SO THEY WOULD LIKE TO FOLLOW THIS","PROMOTE EQUAL STANDARDS","","",3,"","","","","",NA,"TO GET TO KNOW EACH OTHERS RELIGON","","","","",1,"","","","","",NA,"WANT TO CONTINUE SEPERATION","","","","",1,"","","","","",NA,"","","","","",0,"","","","","",NA,"IT WOULD BE MIXING ADULT EDUCATION WITH CHILDREN AND THATS NOT FEASIBLE","","","","",1
147,"","","","","",NA,"CAUSE THEY THINK ALL ABILITIES SHOULD BE CATERED FOR THEN EVERYBODY WILL GET THE SAME CHANCE","","","","",1,"","","","","",NA,"IT WOULD BE DETRIMENTAL TO THE MORE ABLE STUDENTS","","","","",1,"","","","","",NA,"","","","","",0,"","","","","",NA,"THEY DON'T REALLY CARE","","","","",1,"","","","","",NA,"BETTER RELATIONSHIPS","","","","",1,"","","","","",NA,"THEY THINK 1 COULD INFLUENCE THE OTHER ONE THE WRONG WAY","","","","",1,"","","","","",NA,"","","","","",0,"","","","","",NA,"IT WOULD EFFECT THERE DEVELOPMENT BETTER FOR THEM TO MIX WITH THEIR OWN AGE GROUP","","","","",1
153,"","","","","",NA,"EVERY ONE GETS THE SAME CHANCE","","","","",1,"","","","","",NA,"","","","","",0,"","","","","",NA,"RELIGION","","","","",1,"","","","","",NA,"RESPECT OTHERS","","","","",1,"","","","","",NA,"TO GET BOTH SIDES TO THINK ABOUT THEIR VIEWS","","","","",1,"","","","","",NA,"THEIR OWN PROVIDE BETTER EDUCATION","","","","",1,"","","","","",NA,"","","","","",0,"","","","","",NA,"SIZE","","","","",1
154,"","","","","",NA,"INTEGRATION","SAME EDUCATION FOR EVERYBODY","FINANCIALLY MORE VIABLE","","",3,"","","","","",NA,"RELIGIOUS INDIFFERENCE","PERHAPS A DIFFERENT CURRICULUM","LOSS OF IDENTITY","","",3,"","","","","",NA,"LACK OF TRUST","IDENTITY","","","",2,"","","","","",NA,"DIVERSITY","BUILD UP TRUST BETWEEN RELIGIONS","EQUALITY","","",3,"","","","","",NA,"BUILD TRUST","CHANCE OF EQUALITY IN REGARD TO SUBJECTS","","","",2,"","","","","",NA,"TRUST","SOME PEOPLE DONT WANT CHANGE","","","",2,"","","","","",NA,"MORE CONSISTENCY IN THE SWITCH FROM ONE CLASS TO ANOTHER","","","","",1,"","","","","",NA,"THE HORMONAL CHANGES THAT 14 YEAR OLDS GO THROUGH MAKE THEM MORE MOODY","","","","",1
155,"","","","","",NA,"SO EACH PUPIL WOULD HAVE EQUAL OPPORTUNITY","","","","",1,"","","","","",NA,"PUPIL SHOULD BE GRADED TO THEIR ABILITY","","","","",1,"","","","","",NA,"BECAUSE THE DO NOT WANT TO MIX RELIGION","IGNORANCE AND FEAR","","","",2,"","","","","",NA,"ALL CHILDREN WOULD HAVE BETTER UNDERSTANDING","CHILD WOULD HAVE WIDER NETWORK OF FRIENDS","","","",2,"","","","","",NA,"WOULD INCREASE UNDERSTANDING OF OTHER RELIGIONS","","","","",1,"","","","","",NA,"FEAR OR INGNORANCE OF OTHER RELIGION","","","","",1,"","","","","",NA,"BECAUSE A BROADER NETWORK OF FRIENDS","","","","",1,"","","","","",NA,"CHILDREN OF DIFFERENT AGES","","","","",1
156,"","","","","",NA,"","","","","",0,"","","","","",NA,"","","","","",0,"","","","","",NA,"TRADITION AND RELIGIOUS BELIEFS.","FEAR OF RELIGIOUS BELIEFS BEING ERODED.","","","",2,"","","","","",NA,"EQUALITY AND RESPECT TOWARDS EACH OTHER.","PROMOTES BETTER UNDERSTANDING BETWEEN PEOPLE CULTURES AND TRADITIONS.","","","",2,"","","","","",NA,"","","","","",0,"","","","","",NA,"","","","","",0,"","","","","",NA,"PROMOTE EQUALITY AND RESPECT.","COULD RESOLVE DIFFERENCES IN CULTURE AND TRADITION.","","","",2,"","","","","",NA,"POSSIBLY THE YOUNGER CHILDREN WOULD DO BETTER IN SCHOOL WITH CLOSER AGE GROUPS.","OLDER CHILDREN CAN BE INTIMIDATING TO OTHER CHILDREN. NOT IN A BULLYING WAY BUT IN THAT THEY ARE TALLER AND ROUGHER.","IT COULD MEAN MUCH BIGGER SCHOOLS WHICH CAN HAVE ADVANTAGES AND DISADVANTAGES.","","",3
157,"","","","","",NA,"THERES NO DISTINCTION BETWEEN PUPILS","IT MAKES SENSE IN TERMS OF SHARING RESOURCES","PUPILS FEEL THEY ARE GETTING SAME PROFESSIONALS TEACHING ALL STUDENTS","MORE PRACTICAL SCHOOL CAN MEET REQUIREMENTS","PUPILS CAN RECEIVE EDUCATION IN THEIR OWN LOCALITY",5,"","","","","",NA,"WISH TO MAINTAIN CERTAIN STANDARDS","RELUCTANCE TO CHANGE TRADITION","STRONGLY SUPPORT SINGLE SEX SCHOOLS","FEAR OF WEAKER CHILDREN HOLDING BACK STRONGER ONES","PROFESSIONALS ARE OPPOSED TO IT",5,"","","","","",NA,"THEY SEE THE IMPORTANCE OF THEIR FAITH","FEEE THAT CHILDREN WOULD DO BETTER","EHOS IS IMPORTANT POSITIVE LINK BETWEEN CHURCH AND STATE","APPRECIATE OWN RELIGION AND LEARN TO RESPECT OTHERS","FAMILY VALUES",5,"","","","","",NA,"THE ANSWER TO SECTARIANISM","OVERCOME SECTARIANISM IN THE LONG RUN","","","",2,"","","","","",NA,"WOULD FEEL IT WOULD INCREASE UNDERSTANDING TOLERANCE RESPECT","","","","",1,"","","","","",NA,"STRONG BELIEFS IN OWN RELIGION AND IDENTITY","ALREADY LOTS OF PRACTICE IN PEOPLE MIXING TOGETHER DON'T NEED IT IN SCHOOLS AS WELL","","","",2,"","","","","",NA,"SHARING OF RESOURCES","BETTER CHOICE FOR PUPILS","IMPROVED CURRICULIM","MORE MODERN FACILITIES","WOULD GET BEST POSSIBLE EDUCATION",5,"","","","","",NA,"I WOULD HAVE A FEAR OF BULLYING DUE TO THE AGE GAPS","I'D BE AFRAID OF DIFFERENT STANDARDS OR OPINIONS DUE TO MIXING","CHILD PROTECTION ISSUES WOULD BE MY MAIN CONCERN","I'M AFRAID THAT THE NUMBERS ARE GETTING TOO BIG","",4
158,"","","","","",NA,"IT WOULD BE FAIR TO EVERY CHILD","EQUAL TO ALL CHILDREN","","","",2,"","","","","",NA,"SMART CHILDRE CONCENTRATE MORE ON CERTAIN SUBJECTS","","","","",1,"","","","","",NA,"RELIGIOUS BACKGROUND AND BELIEFS","BE ABLE TO TALK ABOUT THEIR OWN RELIGION","","","",2,"","","","","",NA,"GOOD TO LEARN ABOUT EACH OTHER","HELP NI IN THE LONG RUN","IT TAKES CHILDREN TO EDUCATE PARENTS ON DIFFERENT RELIGIONS","","",3,"","","","","",NA,"ONLY OPPORTUNITY PEOPLE HAVE OF MIXING","ITS NOT ENOUGH WITH JUST THE ODD CLASS MIXING HERE AND THERE","","","",2,"","","","","",NA,"WOULD NOT BE OF ENOUGH BENEFIT","","","","",1,"","","","","",NA,"SAVE CHANGING SCHOOLS","KEEPING FRIENDS","","","",2,"","","","","",NA,"THERE IS TOO BIG A DIFFERENCE IN MATURITY BETWEEN THE AGE GROUPS","","","","",1
167,"","","","","",NA,"EQUAL OPPORTUNITIES","","","","",1,"","","","","",NA,"CHILD TO PROGRESS AT FASTER RATE","EDUCATIONAL SYSTEM WORKED FOR PARENTS WORKS FOR THEIR CHILD","","","",2,"","","","","",NA,"FEELS COMFORTABLE","STRENGTHENS COMMUNITY LINKS","FRIENDSHIPS","FAMILIARITY","",4,"","","","","",NA,"ONE PARENT IS POSSIBLE OF DIFFERENT RELIGION","MAY HAVE BETTER FACILITIES IN OTHER SCHOOL","DISTANCE","","",3,"","","","","",NA,"YOUNG CHILDREN NOT AWARE OF WHAT RELIGION IS","EDUCATE CHILDREN","BUILDS FRIENDSHIPS","","",3,"","","","","",NA,"NOT COMFORTABLE WITH NOTION OF MIXING TOGETHER","","","","",1,"","","","","",NA,"RELIEVE PRESSURE OF MAKING DECISIONS WHEN CHILD IS YOUNG","CONVENIENCE","","","",2,"","","","","",NA,"I WASN'T AWARE IT WAS AN OPTION","FEARS OF SOMETHING DIFFERENT","CONCERNED AT DIFFERENT LEVELS OF EMOTIONS OF CHILDREN","PROTECT SMALLER CHILDREN FROM OVERHEARING UNSUITABLE CONVERSATIONS","",4
174,"","","","","",NA,"","","","","",0,"","","","","",NA,"THEY MAY THINK SYSTEM IS UNFAIR","","","","",1,"","","","","",NA,"","","","","",0,"","","","","",NA,"TO BUILD BETTER RELATIONS BETWEEN THE COMMUNITIES","","","","",1,"","","","","",NA,"","","","","",0,"","","","","",NA,"INPROVING FUTURE RELATIONS","","","","",1,"","","","","",NA,"CHILDREN CAN RETAIN A BOND BY EDUCATION TOGETHER","","","","",1,"","","","","",NA,"THERE WOULD BE A LOT OF SMALL MINDEDNESS FOR THE AGE SWP TO TAKE PLACE","","","","",1
177,"","","","","",NA,"BRING THE 2 COMMUNITIES TOGETHER","","","","",1,"","","","","",NA,"THEY THINK IT MAY BE TOO ONE SIDED","","","","",1,"","","","","",NA,"THE RELIGION TEACHING PART","","","","",1,"","","","","",NA,"IT WOULD BRING THE COMMUNITIES CLOSER TOGETHER","","","","",1,"","","","","",NA,"IT WOULD BRING COMMUNITIES TOGETHER","","","","",1,"","","","","",NA,"IT WOULD ALWAYS BE ONE SIDED","","","","",1,"","","","","",NA,"","","","","",0,"","","","","",NA,"","","","","",0
179,"","","","","",NA,"BROADER SPECTRUM","KNOCKING DOWN BARRIERS.","MORE OPEN-MINDED PEOPLE.","","",3,"","","","","",NA,"PEOPLE WOULDNT WANT THEIR CHILDREN WITH OTHER RELIGIONS.","KEEP THE SMALLER SCHOOLS OPEN. COUNTRY SCHOOLS MAY FEEL LEFT OUT.","WOULDN'T BE THE ONE TO ONE AND TIME GIVEN TO STUDENTS LIKE IN A SMALLER SCHOOL.","MONEY. MONEY WOULD BE GIVEN TO BIGGER SCHOOLS AND NOT SMALLER. MONEY WOULD BE GIVEN TO BIGGER SCHOOLS AND NOT SMALLER SCHOOL.","SOME PEOPLE WOULD JUST BE TOTALLY OPPOSED TO IT. THEY WOULD SUPPORT THE RURAL SCHOOLS AND WANT TO KEEP THEM OPEN",5,"","","","","",NA,"NORTHERN IRELAND HISTORY.","","","","",1,"","","","","",NA,"BROADER CURRICULUM.","MAKE CHILDREN MORE AWARE OF THEIR BACKGROUND.","DROP THE BARRIERS OF PREDJUDICE|","","",3,"","","","","",NA,"BROADER CURRICULUM AND SUBJECTS.","MAKES SCHOOL MORE INTERESTING.","MOVE THE PEACE SITUATION FORWARD.","MORE MONEY AVAILABLE FOR FUNDING. MORE HELP FROM GOVERNMENT.","MORE FUNDING FOR TEACHERS.",5,"","","","","",NA,"NOT WHAT THEY WOULD BE BROUGHT UP WITH. THEIR OWN PERSONAL BELIEFS.","WANT THEIR OWN RELIGION TAUGHT","","","",2,"","","","","",NA,"ONE CAMPUS.","MORE FUNDING FOR THE SCHOOL.","BROADER CURRICULUM.","MORE JOBS FOR SPECIALIST TEACHERS.","",4,"","","","","",NA,"CURRENTLY ALL THE SMALLER SCHOOLS CLOSING DOWN.","TRAFFIC CONGESTION, ALL COMING INTO THE ONE AREA","RELIGIOUS ISSUES. WOULDNT WANT A MIXING OF RELIGIONS.","THERE SHOULD BE MORE FUNDING TO KEEP SMALLER SCHOOLS OPEN.","LOSS JOBS.",5
233,"","","","","",NA,"","","","","",0,"","","","","",NA,"","","","","",0,"","","","","",NA,"","","","","",0,"","","","","",NA,"GOOD FOR THEIR UPBRINGING","HELPS LATER IN LIFE","","","",2,"","","","","",NA,"HELP THEM MIX AND UNDERSTAND BETTER","HELP TO REALISE THEY ARE ALL EQUAL","","","",2,"","","","","",NA,"","","","","",0,"","","","","",NA,"GOOD START TO LIFE","DONT DIFFERENTIATE BETWEEN RELIGIONS","ALL EQUAL","","",3,"","","","","",NA,"","","","","",0
237,"","","","","",NA,"","","","","",0,"","","","","",NA,"","","","","",0,"","","","","",NA,"WILL HAVE TO DO IT IN HIGHER EDUCATION ANYWAY","","","","",1,"","","","","",NA,"","","","","",0,"","","","","",NA,"","","","","",0,"","","","","",NA,"POLITICAL AND RELIGIOUS POSITION","","","","",1,"","","","","",NA,"","","","","",0,"","","","","",NA,"","","","","",0
282,"","","","","",NA,"EVERYBODY IS GIVEN THE SAME OPPORTUNITYY FOR TOPICS NO MATTER WHAT SCHOOL THEY GO TO","","","","",1,"","","","","",NA,"","","","","",0,"","","","","",NA,"PROBABLY WANT THEIR CHILDREN NOT TO MIX WITH THE OTHER RELIGION","","","","",1,"","","","","",NA,"WOULD WANT THE CHILDREN TO BE EXPOSED TO BOTH RELIGIONS","","","","",1,"","","","","",NA,"AGAIN FOR GOOD EXPOSURE TO CHILDREN OF OTHER RELIGIONS","","","","",1,"","","","","",NA,"WON'T WANT ANY INVOLVEMENT WIITH CHILDREN OF OTHER RELIGIONS","","","","",1,"","","","","",NA,"","","","","",0,"","","","","",NA,"IT'S A MATTER OF NOT WANTING CHILDREN EXPOSED TO OLDER AGE GROUP'S SO EARLY ON","","","","",1
288,"","","","","",NA,"","","","","",0,"","","","","",NA,"A LOT OF PARENTS WANT ACADEMIC SELECTION. NOT TAUGHT AT LEVEL APPROPRIATE TO THEM.","","","","",1,"","","","","",NA,"SOME PEOPLE MIGHT THINK THEIR KIDS DONT NEED TO KNOW ABOUT OTHER RELIGIOUS AND WANT THEM WITH CHILDREN OF THEIR OWN RELIGION","","","","",1,"","","","","",NA,"IMPORTANT TO LEARN ABOUT EACH OTHERS RELIGIONS.","IMPORTANT TO HAVE A BALANCED OPINION.","CHILDREN CAN MAKE EDUCATED DECISIONS OF THEIR OWN.","","",3,"","","","","",NA,"MIXED RELIGION CLASSES DOESNT INTERFERE WITH THE CLASS THAT IS BEING TAUGHT.","FRIENDSHIPS MADE ACROSS THE DIVIDE CAN ONLY BE GOOD.","","","",2,"","","","","",NA,"DONT WANT THEIR CHILDREN MIXING WITH PEOPLE OF ANOTHER RELIGION.","","","","",1,"","","","","",NA,"","","","","",0,"","","","","",NA,"","","","","",0
315,"","","","","",NA,"","","","","",0,"","","","","",NA,"","","","","",0,"","","","","",NA,"PEOPLE WANT TO KEEP THEIR CHILDREN WITHIN OWN RELIGION","","","","",1,"","","","","",NA,"TO GET TO KNOW OTHER SIDE BETTER","HELP COMMUNITIES MOVE ON","","","",2,"","","","","",NA,"GET TO KNOW EACH OTHER THROUGH DIFFERENT CLASSES","","","","",1,"","","","","",NA,"DON'T WANT CHILDREN TO MIX WITH OTHER RELIGION","","","","",1,"","","","","",NA,"","","","","",0,"","","","","",NA,"RATHER KEEP CHILDREN WITHIN THERE OWN AGE-GROUP'S","","","","",1
317,"","","","","",NA,"","","","","",0,"","","","","",NA,"","","","","",0,"","","","","",NA,"","","","","",0,"","","","","",NA,"THERES NO DIFFERENCE BETWEEN THE CHILDREN THEMSELVES","","","","",1,"","","","","",NA,"ALL CHILDREN ARE EQUAL","","","","",1,"","","","","",NA,"THEYRE JUST BITTER","","","","",1,"","","","","",NA,"","","","","",0,"","","","","",NA,"","","","","",0
339,"","","","","",NA,"","","","","",0,"","","","","",NA,"","","","","",0,"","","","","",NA,"","","","","",0,"","","","","",NA,"","","","","",0,"","","","","",NA,"","","","","",0,"","","","","",NA,"","","","","",0,"","","","","",NA,"","","","","",0,"","","","","",NA,"","","","","",0
342,"","","","","",NA,"WOULD MEAN EVERY CHILD IN EVERY SCHOOL WOULD GET EQUAL TIME AND SUBJECTS.","","","","",1,"","","","","",NA,"PROTESTANTS AND CATHOLICS WHO HAVE STRONG BELIEFS MAY NOT WANT TO BE MIXED","","","","",1,"","","","","",NA,"BITTERNESS.","STRONG RELIGIOUS BELIEFS.","BRAINWASHED.","","",3,"","","","","",NA,"MOVE FORWARD AND FORGET RELIGION/BRING THE CHILDREN UP NOT TO BE BITTER","","","","",1,"","","","","",NA,"ENCOURAGING THE CHILDREN TO ACCEPT OTHER RELIGIONS AND NOT BECOME BITTER.","","","","",1,"","","","","",NA,"WANT TO BRING UP THEIR CHILDREN IN THEIR OWN FAITH.","THEY MIGHT THINK THE OPPOSITE RELGION IS LESSER.","","","",2,"","","","","",NA,"","","","","",0,"","","","","",NA,"THERE MIGHT BE MORE BULLYING.","","","","",1
387,"","","","","",NA,"","","","","",0,"","","","","",NA,"","","","","",0,"","","","","",NA,"SOME EDUCATION MIGHT BE BIASED","","","","",1,"","","","","",NA,"LETS THE TWO COMMUNITIES MIX","WOULD NEED LESS SCHOOLS, CUT COSTS","","","",2,"","","","","",NA,"MAKING MOST OF RESOURCES, ONE RATHER THAN TWO TEACHERS","","","","",1,"","","","","",NA,"IF IT WAS A RELIGIOUS SUBJECT IT WOULD BE DIFFICULT","","","","",1,"","","","","",NA,"","","","","",0,"","","","","",NA,"PREFER TO KEEP AGE GROUPS SEPERATED","WARY OF INFLUENCE OF OLDER CHILDREN ON YOUNGER CHILDREN","","","",2
389,"","","","","",NA,"","","","","",0,"","","","","",NA,"","","","","",0,"","","","","",NA,"BIGITORY","DIVIDE","","","",2,"","","","","",NA,"MOVE FORWARD","PROMOTE PEACE","","","",2,"","","","","",NA,"FRIENDSHIP","","","","",1,"","","","","",NA,"INTIMIDATED","","","","",1,"","","","","",NA,"SISTERS AND BROTHERS SAME CLASS","","","","",1,"","","","","",NA,"DIFFERENT AGE GROUPS HAVE DIFFERENT NEEDS","TEACHING BOTH AGE GROUPS WOULD BE DIFFICULT","","","",2
392,"","","","","",NA,"CHILDREN GET A BETTER EDUCATION","","","","",1,"","","","","",NA,"TOO MUCH WORK FOR CHILDREN","","","","",1,"","","","","",NA,"BECAUSE THATS THEIR RELIGION AND THEY MIGHT WANT IT TAUGHT IN SCHOOL","","","","",1,"","","","","",NA,"BECAUSE ITS TIME TO CHANGE AND MOVE ON, CHILDREN NEED TO GROW UP IN A SOCIETY THAT DOESNT TAKE SIDES","","","","",1,"","","","","",NA,"","","","","",0,"","","","","",NA,"","","","","",0,"","","","","",NA,"OLDER AND YOUNGER SIBLINGS GOING TO THE SAME SCHOOL","","","","",1,"","","","","",NA,"PRIMARY STUDENTS EASILY LED BY OLDER STUDENTS","","","","",1
399,"","","","","",NA,"EVERY SCHOOL TEACHES THE SAME FORMAT/ CURRICULUM","EVERY SCHOOL RECEIVES THE SAME OPPORTUNITIES","EVERY CHILD HAS SAME OPPORTUNITIES","","",3,"","","","","",NA,"EVERYONES INDIVIDUAL NEEDS MUST BE MET","DIFFERENT SCHOOLS MUST HAVE DIFFERENT STANDARDS ACCORDING TO THE PUPILS","","","",2,"","","","","",NA,"RELIGIOUS CEREMONIES ARE DIFFERENT IE CONFIRMATION, COMMUNION ETC","NOT ALL PROTESTANTS WANT TO ATTEND IRISH MEDIUM SCHOOLS","","","",2,"","","","","",NA,"THEY LEARN EACH COMMUNTITES VIEWS ON ALL SUBJECTS","","","","",1,"","","","","",NA,"NO DIFFERENCE MADE BETWEEN PUPILS IF SCHOOL IS MIXED","","","","",1,"","","","","",NA,"","","","","",0,"","","","","",NA,"ALL CHILDREN AT ONE SCHOOL","HOLIDAYS COINCIDE","COMMON LOCATION FOR FAMILIES CHILDREN","","",3,"","","","","",NA,"THE NUMBERS WOULD BE TOO LARGE FOR SCHOOLS/TEACHERS TO HANDLE","BIGGER BUDGET REQUIRED","","","",2
420,"","","","","",NA,"","","","","",0,"","","","","",NA,"","","","","",0,"","","","","",NA,"RELIGION","","","","",1,"","","","","",NA,"INTERAGRATION","","","","",1,"","","","","",NA,"SAME LEVEL OF EDUCATION","","","","",1,"","","","","",NA,"","","","","",0,"","","","","",NA,"","","","","",0,"","","","","",NA,"TOO BIG OF A GAP BETWEEN KIDS IN TERMS OF MATURITY LEVELS","","","","",1
422,"","","","","",NA,"SO EVERYONE HAS THE SAME CHANCES","","","","",1,"","","","","",NA,"WANT PEOPLE WHO HAVE MORE MONEY TO HAVE BETTER RESULTS","","","","",1,"","","","","",NA,"THEY WONT GET PICKED ON","THEY WILL LEARN THIER OWN RELIGION","WONT HAVE TO LEARN THE IRISH LANGUAGE","TRADITIONS WILL BE DIFFRENT","",4,"","","","","",NA,"TO GET BENEFIT OF BOTH SIDES","","","","",1,"","","","","",NA,"BENIFIT OF GETTING TO KNOW BOTH SIDES","","","","",1,"","","","","",NA,"DONT WANT CHINDREN LEARNING ABOUT HISTORY OTHER THAN THIER OWN","","","","",1,"","","","","",NA,"","","","","",0,"","","","","",NA,"","","","","",0
426,"","","","","",NA,"ALL CHILDREN SHOULD HAVE SAME CHANCES","SAME LEVEL OF EDUCATION","","","",2,"","","","","",NA,"","","","","",0,"","","","","",NA,"MIGHT NOT AGREE WITH OPPOSITE RELIGION","WOULDN'T WANT CHILDREN TO STUDY OTHER RELIGION","","","",2,"","","","","",NA,"IF THEY ARE BROUGHT UP TOGETHER THEY WOULD ALL BE THE SAME","WOULD CALM DOWN CONFLICT","","","",2,"","","","","",NA,"WIDER EDUCATION AND IMPROVED EDUCATION, BETTER CURRICULIM","","","","",1,"","","","","",NA,"MIGHT NOT WANT STUDENTS TRAVELLING","WOULD NOT WANT STUDENTS MIXING","PREFER CHILDREN TO STAY WITH ONE TEACHER","","",3,"","","","","",NA,"ELDER CHILDREN MIGHT HAVE A GOOD INFLUENCE","MIGHT HAVE OLDER BROTHERS AND SISTERS TO BE WITH THEM","","","",2,"","","","","",NA,"WOULDN'T WANT YOUNGER AND OLDER CHILDREN MIXING","YOUNG KIDS MIGHT PICK UP BAD HABITS","I THINK IT COULD BE TOO ROUGH HAVE MIXED AGES BEING ALL TOGETHER","","",3
438,"","","","","",NA,"","","","","",0,"","","","","",NA,"NO DIFFERENCE","","","","",1,"","","","","",NA,"THINK EVERYONES THE SAME","","","","",1,"","","","","",NA,"","","","","",0,"","","","","",NA,"SOME CHILDREN MAY NOT WANT TO DO THE SAME SUBJECTS","","","","",1,"","","","","",NA,"","","","","",0,"","","","","",NA,"","","","","",0,"","","","","",NA,"","","","","",0
448,"","","","","",NA,"CHILDREN WILL DO WELL","BEST FOR CHILDREN","","","",2,"","","","","",NA,"CONCERNED ABOUT WHAT CHILD IS TAUGHT","","","","",1,"","","","","",NA,"RELIGION","","","","",1,"","","","","",NA,"INTERGRATION POSITIVE OUTLOOK","YOUNG PEOPLE WILL GROW TO BE MORE POSITIVE","","","",2,"","","","","",NA,"FAIR ENOUGH","","","","",1,"","","","","",NA,"RELIGION","","","","",1,"","","","","",NA,"","","","","",0,"","","","","",NA,"SOME KIDS ARE TOO YOUNG TO MIX WITH BIGGER ONES","","","","",1
479,"","","","","",NA,"","","","","",0,"","","","","",NA,"","","","","",0,"","","","","",NA,"","","","","",0,"","","","","",NA,"","","","","",0,"","","","","",NA,"","","","","",0,"","","","","",NA,"","","","","",0,"","","","","",NA,"","","","","",0,"","","","","",NA,"","","","","",0
482,"","","","","",NA,"ALL CHILDREN HAVE THE SAME CHANCE, NO MATTER WHERE THEY LIVE.","NOTHERN IRELAND ECONOMY DICTATES THAT IS NECCESSARY.","EQUALITY FOR ALL.","","",3,"","","","","",NA,"DONT WANT TO SEE RURAL SCHOOL CLOSE.","WANT TO MAINTAIN THE ELITE GRAMMAR SCHOOLS.","AFRAID THAT THE ENGLISH SYSTEM WILL COME TO NORTHERN IRELAND.","THAT STANDARDS WILL GO DOWN.","",4,"","","","","",NA,"AFRAID TO MIX.","","","","",1,"","","","","",NA,"TO REDUCE SECTARIANISM","","","","",1,"","","","","",NA,"TO AVAIL OF OPPOURTUNITIES","DEVELOP SOCIAL SKILLS.","","","",2,"","","","","",NA,"AFRAID OF CONFLICT IN THE CLASSROOM.","","","","",1,"","","","","",NA,"TO EASE THE TRANSITION OF PRIMARY TO SECONDARY.","","","","",1,"","","","","",NA,"","","","","",0
484,"","","","","",NA,"","","","","",0,"","","","","",NA,"","","","","",0,"","","","","",NA,"","","","","",0,"","","","","",NA,"","","","","",0,"","","","","",NA,"","","","","",0,"","","","","",NA,"","","","","",0,"","","","","",NA,"","","","","",0,"","","","","",NA,"","","","","",0
487,"","","","","",NA,"A POOL OF TEACHERS WOULD BENEFIT STUDENTS","TEACHERS WOULD PROVIDE BETTER CARE","","","",2,"","","","","",NA,"MAY LOSE PERSONAL TOUCH/NOT KNOW TEACHERS","","","","",1,"","","","","",NA,"THE WAY THEY HAVE BEEN BROUGHT UP . THEIR PARENTS HAVE PASSED THEIR VIEWS ON TO THEM","","","","",1,"","","","","",NA,"IF YOU MIX YOU GET USED TO DIFFERENT RELIGIONS","","","","",1,"","","","","",NA,"THE ONLY WAY TO GET TO KNOW EACH OTHER","","","","",1,"","","","","",NA,"DON'T WANT CHILDREN MIXING","","","","",1,"","","","","",NA,"AS LONG AS THEY HAVE A GOOD SYSTEM IN PLACE SO AS NOT TO CAUSE CONFLICT","","","","",1,"","","","","",NA,"THE SYSTEM OF 11 PLUS BEING TOGETHER SHOULD CONTINUE","","","","",1
488,"","","","","",NA,"","","","","",0,"","","","","",NA,"","","","","",0,"","","","","",NA,"THEY WANT THEM TO MIX","","","","",1,"","","","","",NA,"","","","","",0,"","","","","",NA,"ITS GOOD TO GET THEM MIXING TOGETHER","","","","",1,"","","","","",NA,"THEY DONT WANT THEM TO MIX","","","","",1,"","","","","",NA,"THEIR ALL GOING TO THE ONE SCHOOL","","","","",1,"","","","","",NA,"DON'T AGREE WITH MIXING THE AGE GROUPS TOGETHER","","","","",1
490,"","","","","",NA,"EQUALITY.","TO GIVE EVERYONE THE SAME CHANCE","","","",2,"","","","","",NA,"POLITICAL STATEMENT","","","","",1,"","","","","",NA,"TRADITION, THAT THEY THEMSELVES HAVE GONE TO THE SAME SCHOOLS","MAYBE KEEPING UP THE NUMBERS ON THEIR OWN SIDE","","","",2,"","","","","",NA,"TRYING TO IMPROVE THE SITUATION IN NORTHERN IRELAND BY PUTTING THE CHILDREN TOGETHER","HELPS IN LATER LIFE TO GO TO WORK IN A MIXED JOB IF THEY ALREADY HAVE RESPECT FROM SCHOOL","","","",2,"","","","","",NA,"NOT TO DIFFERENTIATE BETWEEN CHILDREN BEING TAUGHT THE SAME SUBJECT","","","","",1,"","","","","",NA,"NARROW MINDEDNESS","","","","",1,"","","","","",NA,"GIVE THE YOUNGER PEOPLE WITH HIGHER ABILITY THE CHANCE TO DO POST PRIMARY SUBJECTS","","","","",1,"","","","","",NA,"YOUNGER KIDS COULD HOLD THE OLDER ONES BACK IN TERMS OF DEVELOPMENT","","","","",1
492,"","","","","",NA,"","","","","",0,"","","","","",NA,"","","","","",0,"","","","","",NA,"FEAR TRADITION","TRADITION","","","",2,"","","","","",NA,"","","","","",0,"","","","","",NA,"","","","","",0,"","","","","",NA,"","","","","",0,"","","","","",NA,"","","","","",0,"","","","","",NA,"","","","","",0
495,"","","","","",NA,"","","","","",0,"","","","","",NA,"","","","","",0,"","","","","",NA,"","","","","",0,"","","","","",NA,"LIKE THEM TO BE MIXED","","","","",1,"","","","","",NA,"","","","","",0,"","","","","",NA,"LIKE THEM TO BE MIXED","","","","",1,"","","","","",NA,"","","","","",0,"","","","","",NA,"","","","","",0
506,"","","","","",NA,"NO PRESSURE ON CHILDREN TO DO WELL","BETER SCHOOLING IF THERE ARE MORE PUPILS","BETTER FACILITIES FOR SPORTS","","",3,"","","","","",NA,"SMART CHILDREN SHOULD GGET THE BEST CHANCE THEY CAN","DIFFERENT LEVELS OF ABILITIES IN STUDENTS/SOME PUPILS MAY WISH TO BE SAAY MECHANICS AND MIGHT FELL PRESSURED BY PUPILS OF HIGHER ABILITIES","","","",2,"","","","","",NA,"","","","","",0,"","","","","",NA,"GET TO KNOW EVERYONE POINT OF VIEW","","","","",1,"","","","","",NA,"GET TO KNOW EACH OTHER","","","","",1,"","","","","",NA,"","","","","",0,"","","","","",NA,"MORE COMFORTABLE","","","","",1,"","","","","",NA,"CHILDREN ADAPT QUICKLY AND DON'T NEED TO BE MIXED AS THEY LOOK FORWARD TO SECONDARY SCHOOL","","","","",1
526,"","","","","",NA,"MORE INTEGRATION","NO 11+ PLUS TYPE","","","",2,"","","","","",NA,"NO STREAMING","HOLDS GOOD STUDENTS BACK","","","",2,"","","","","",NA,"THEY WANT THEM TO STAY WITH THEIR OWN","","","","",1,"","","","","",NA,"GET TO KNOW PEOPLE OF THE OTHER RELIGION","LEARN ABOUT THE OTHER RELIGION","","","",2,"","","","","",NA,"GET TO KNOW PEOPLE FROM THE OTHER SCHOOL","","","","",1,"","","","","",NA,"THEY DONT WANT THEIR CHILDREN TO MIX WITH THEM","THEY DON'T TRUST THEM","","","",2,"","","","","",NA,"","","","","",0,"","","","","",NA,"","","","","",0
527,"","","","","",NA,"","","","","",0,"","","","","",NA,"","","","","",0,"","","","","",NA,"RELIGION","PASS ON THEIR BELIEFS","","","",2,"","","","","",NA,"NO BITTERNESS","CHILDREN FRIENDSHIPS WITH OTHER CHILDREN","","","",2,"","","","","",NA,"MIX WITH OTHER RELIGIONS","MORE PATIENCE WITH OTHER PEOPLE IN GENERAL","","","",2,"","","","","",NA,"DONT WANT CHILDREN TO MIX WITH OPPOSITE RELIGION","","","","",1,"","","","","",NA,"LEARNING FOR THE BIGGER ONES TO BE MORE PATIENT WITH SMALL CHILDREN","","","","",1,"","","","","",NA,"","","","","",0
551,"","","","","",NA,"SAME CHANCE FOR CHILDREN","MIXED ABILITY GOING TO SAME SCHOOL","","","",2,"","","","","",NA,"DIFFERENT ABILITY IN ONE CLASS SO INTELLIGENT PUPILS ACT UP","CHILDREN OF LESSER ABILITY WILL LOSE OUT ALSO","LOWER ABILITY MORE HAPPY WITH THEIR CHILD HAVING SPECIALISED TEACHING","THE PARENTS OF HIGHER ABILITY CHILDREN MIGHT NOT WANT CHILDREN OF LOWER ABILITY IN THEIR CLASS","",4,"","","","","",NA,"COLONIALISM","RELIGION EDUCATION","IRISH HISTORY LESSONS","","",3,"","","","","",NA,"THE WAY FORWARD","OPEN TO CHANGE","CHILDREN LESS LIKLEY TO DISCRIMINATE AGAINST EADH OTHER","MORE EDUCATION TO MUTUAL UNDERSTANDING","",4,"","","","","",NA,"SAME EDUCATION","MUTUAL UNDERSTANDING THROUGH EDUCATION","","","",2,"","","","","",NA,"RELIGION OR SINGLE SEX CLASSES","","","","",1,"","","","","",NA,"","","","","",0,"","","","","",NA,"THE AGE GAP BETWEEN KIDS IS TO BIG IN TERMS OF MATURITY","TO PROTECT SMALLER CHILDREN","","","",2
557,"","","","","",NA,"","","","","",0,"","","","","",NA,"","","","","",0,"","","","","",NA,"THEY SHOULD ONLY GO TO SCHOOL WITH THEIR OWN","","","","",1,"","","","","",NA,"MIX THE RELIGION","","","","",1,"","","","","",NA,"","","","","",0,"","","","","",NA,"","","","","",0,"","","","","",NA,"","","","","",0,"","","","","",NA,"","","","","",0
564,"","","","","",NA,"","","","","",0,"","","","","",NA,"","","","","",0,"","","","","",NA,"","","","","",0,"","","","","",NA,"GET THEM TO MIX BETTER. GET THE TWO RELIGIONS TO MIX BETTER.","","","","",1,"","","","","",NA,"GET THE RELIGIONS TO MIX.","","","","",1,"","","","","",NA,"KEEP THE TWO RELIGIONS SEPARATE.","","","","",1,"","","","","",NA,"","","","","",0,"","","","","",NA,"","","","","",0
565,"","","","","",NA,"","","","","",0,"","","","","",NA,"","","","","",0,"","","","","",NA,"","","","","",0,"","","","","",NA,"IT WOULD BRING THE COMMUNITY MORE TOGETHER IF THEY WERE MIXED","","","","",1,"","","","","",NA,"","","","","",0,"","","","","",NA,"","","","","",0,"","","","","",NA,"","","","","",0,"","","","","",NA,"","","","","",0
566,"","","","","",NA,"","","","","",0,"","","","","",NA,"WONT BE PICKING UP CHILDREN WHO ARE SLOWER AND THEY WILL GET LEFT BEHIND","NOT ALL CHILDREN ARE THE SAME OR LEARN AT THE SAME PACE","","","",2,"","","","","",NA,"HAVE STRONG CATHOLIC VIEWS AND WANT THEIR CHILDREN TO GO TO A CATHOLIC SCHOOL","WORRIED ABOUT RELIGIOUS END OF THEIR CHILDREN EDUCATION.","MORAL ISSUE. BELIEFS ARE DIFFERENT.","","",3,"","","","","",NA,"CHILDREN GETTING TO KNOW DIFFERENT RELIGIONS IN THEIR OWN COMMUNITY. WONT END UP ALIENATING OTHER RELIGIONS.","","","","",1,"","","","","",NA,"","","","","",0,"","","","","",NA,"","","","","",0,"","","","","",NA,"","","","","",0,"","","","","",NA,"AGE DIFFERENCE WOULD BE TOO GREAT TO BE IN THE ONE SCHOOL.","SEVEN YEAR OLD CHILDREN WOULD BE TOO IMPRESSIONABLE OF THE OLDER PUPILS WHO ARE HITTING PUBERTY OR ARE TROUBLEMAKERS.","CULTURE WOULD BE DIFFERENT.","","",3
568,"","","","","",NA,"","","","","",0,"","","","","",NA,"THEY DONT WANT THEIR CHILDREN TO MIX WITH OTHER CHILDREN","","","","",1,"","","","","",NA,"BECAUSE THEY DONT WANT THEM TO MIX","","","","",1,"","","","","",NA,"","","","","",0,"","","","","",NA,"","","","","",0,"","","","","",NA,"","","","","",0,"","","","","",NA,"","","","","",0,"","","","","",NA,"","","","","",0
569,"","","","","",NA,"CONVENIENT FOR CHILDREN TO BE TAUGHT AT SAME SCHOOLS","FAIR SYSTEM.","ALL HAVE SAME HOLIDAYS.","CHEAPER.","MORE EQUALITY IN THE HOUSE AND HOME.",5,"","","","","",NA,"RESULTS FROM GCSE ARE BETTER THAN IN THE UK/CHILDRE DO BETTER WHEN TAUGHT IN CLASSES WITH CHILDREN OF SIMILAR ABILITY","CHILDREN WHO WANT TO GO THE ACADEMIC ROUTE GO TO GRAMMAR SCHOOL CHILDREN WHO DON'T GO TO VOCATIONAL SCHOOL","","","",2,"","","","","",NA,"PARENTAL CHOICE.","CATHOLIC SCHOOL PROVIDE CATHOLIC EDUCATION AND ETHOS.","STATE SCHOOL ARE FOR ANYBODY.","","",3,"","","","","",NA,"BREAKS DOWN RELIGIOUS BARRIERS.","","","","",1,"","","","","",NA,"HELPS CHILDREN GET ALONG WITH EACH OTHER.","","","","",1,"","","","","",NA,"CHILDREN SHOULD BE TAUGHT ACCORDING TO PARENTAL CHOICE.","","","","",1,"","","","","",NA,"HELP RURAL SCHOOLS.","MORE CONTINUITY.","CHEAPER ON TRANSPORT.","","",3,"","","","","",NA,"PRIMARY SCHOOL ENDS AT AGE 11 AND POST-PRIMARY SCHOOL STARTS AT AGE 11 OR 12 AND THERE SHOULD BE A COMPLETE BREAK BETWEEN THE TWO.","TEACHERS IN SECOND LEVEL SCHOOL ARE SPECIALISTS AND CAN'T TEACH AS BROAD A RANGE OF SUBLECTS AS CHILDREN ARE CURRENTLY EXPOSED TO","PUPILS ARE BEING PREPARED FOR A CAREER FROM 11 ONWARDS AND BETTER PREPARED IN SECONDARY SCHOOL.","","",3
571,"","","","","",NA,"EVERYONE TAUGHT AT THE SAME LEVEL.","EVERYONE IS GIVEN THE SAME CHANCE.","","","",2,"","","","","",NA,"","","","","",0,"","","","","",NA,"MIGHT NOT WANT THEIR CHILDREN TO BE TAUGHT IN A SCHOOL WHERE THERE ARE DIFFERENT RELIGIONS","FEAR OTHER RELIGIONS MIGHT BECOME DOMINANT. PARENTS MIGHT FEAR OTHER RELIGIONS BECOMING MORE DOMINANT.","BIGOTED PARENTS. DONT WANT OTHER RELIGIONS TO BE INVOLVED WITH THEIR CHILDREN.","","",3,"","","","","",NA,"GOOD FOR THE CHILDREN TO MIX. SO THEY LEARN FROM EACH OTHER. DIFFERENT BELIEFS AND CULTURE. WHEN ADULTS THEY WILL RESPECT EACH OTHER AND UNDERSTAND EACH OTHERS BELIEFS.","","","","",1,"","","","","",NA,"GOOD LEARNING ENVIRONMENT","LEARN TO GET TO KNOW EACH AND RESPECT EACH OTHERS OPINIONS.","","","",2,"","","","","",NA,"WOULDNT WANT THEIR CHILDREN INVOLVED WITH CHILDREN OF OTHER RELIGIONS.","BIGOTED PARENTS WHO WANT TO KEEP THEMSELVES TO THEMSELVES.","PARENTS MIGHT BE AFRAID OF THEIR CHILDREN LEAVING THEIR OWN FAITH.","PARENTS MAY HAVE HAD A BAD EXPERIENCE WITH SECTARIANISM","",4,"","","","","",NA,"","","","","",0,"","","","","",NA,"","","","","",0
572,"","","","","",NA,"THEY WANT TO SEE FAIRNESS AND EQUALITY/ SCOPE OFFERED TO ALL CHILDREN","MIGHT HAVE ISSUES WITH DIFF TYPES OF SCOOL EG. SAME SEX // DONT UNDERSTAND ETHOS , PEOPLE","BASED ON KNOWLEGE AND RESEARCH","","",3,"","","","","",NA,"ETHNIC BACKGROUND/CATHOLIC OR PROTESTANT","TRADITION / SCARED OF CHANGE","","","",2,"","","","","",NA,"UPBRINGING / HOW THEY VIEW WORLD / RELIGION - IF SHOULD MIX OR NOT / TRADITION","FEEL LOSE PART OF ETHOS BY NOT DOING IT /","","","",2,"","","","","",NA,"MORE FORWARD THINKING / LOOK TO FUTURE / THINK OF CHILDREN AND GROUNDED / WELL AADJUSTED / MAKE CHANGE IN RACE AND CULTURE","COME FROM MIXED BACKGROUNDG THEMSELVES SO ITS A NICE OPTION","","","",2,"","","","","",NA,"BALANCE DIVERSITY AND FORWARD THINKING / IMPROVE FROM THE FUTURE /","JOBS /","","","",2,"","","","","",NA,"GOES BACK TO TRADITIONALISM / DONT WANT TO MIX OTHER CULTURES AND RELIGIONS","","","","",1,"","","","","",NA,"","","","","",0,"","","","","",NA,"ISSUES AROUND BULLYING / YOUNGER AND OLDER CHILDREN /","SMALL NUMBERS TO BIGGER NUMBERS / INTIMIDATING FOR YOUNGER CHILDREN - WHO AREN'T EMOTIONALLY PREPARED","DON'T LIKE CHANGE","","",3
574,"","","","","",NA,"THE CHILD GETS THE CHANCE OF THE SAME EDUCATION","","","","",1,"","","","","",NA,"THEY MAY BELIEVE CHILDREN WITH MORE ABILITY WILL BE HELD BACK","","","","",1,"","","","","",NA,"THEY WOULD HAVE RELIGION TAUGHT ON THE SAME LEVEL","","","","",1,"","","","","",NA,"THEY MAY NOT WANT CHILDREN TO MIX WITH CHILDREN WHO HAVE DIFFERENT BELIEFS","","","","",1,"","","","","",NA,"THE CHILD WOULD HAVE THE SAME OPPORTUNITY TO BE TAUGHT SUBJECTS","","","","",1,"","","","","",NA,"THEY MAY NOT WANT CHILDREN TO BE TAUGHT SAME SUBJECTS","","","","",1,"","","","","",NA,"CHILDREN MAYBE MORE MATURE","THE CHILD IS OLD ENOUGH TO DECIDE FURTHER EDUCATION","","","",2,"","","","","",NA,"FEEL THAT THE SYSTEM WORKS AS, SO WHY CHANGE THE SYSTEM?","","","","",1
577,"","","","","",NA,"","","","","",0,"","","","","",NA,"","","","","",0,"","","","","",NA,"JUST TO OPPOSE THE OTHER RELIGION","","","","",1,"","","","","",NA,"SO THAT THE COMMUNITIES COME TOGETHER","","","","",1,"","","","","",NA,"","","","","",0,"","","","","",NA,"","","","","",0,"","","","","",NA,"","","","","",0,"","","","","",NA,"","","","","",0
584,"","","","","",NA,"A LOT TO DO WITH RELIGION","","","","",1,"","","","","",NA,"","","","","",0,"","","","","",NA,"TO DO WITH THEIR OWN FAITH","","","","",1,"","","","","",NA,"RELIGION IS NOT AS IMPORTANT","GOOD TO MIX WITH OTHER CHILDREN","","","",2,"","","","","",NA,"","","","","",0,"","","","","",NA,"","","","","",0,"","","","","",NA,"GOOD FOR THEM ALL TO BE IN ONE SCHOOL","","","","",1,"","","","","",NA,"YOUNGER CHILDREN NEED EXTRA HELP","","","","",1
586,"","","","","",NA,"","","","","",0,"","","","","",NA,"","","","","",0,"","","","","",NA,"THEY THINK ITS THE WAY FORWARD","CATHOLICS DONT LIKE TO LOSE CONTROL OF THEIR OWN SCHOOLS","","","",2,"","","","","",NA,"","","","","",0,"","","","","",NA,"","","","","",0,"","","","","",NA,"CERTAIN PEOPLE WHO WONT HAVE MIXING","","","","",1,"","","","","",NA,"","","","","",0,"","","","","",NA,"","","","","",0
587,"","","","","",NA,"ELIMINATE THE NEED FOR SELECTION FOR THE AGE OF 11","","","","",1,"","","","","",NA,"DO AWAY WITH GRAMMAR SCHOOLS","","","","",1,"","","","","",NA,"THE CHURCH","","","","",1,"","","","","",NA,"","","","","",0,"","","","","",NA,"ANOTHER CHANCE TO COOPERATE WITH ONE ANOTHER","THE SCHOOL TIMETABLE","FACILITIES","SAVE MONEY","",4,"","","","","",NA,"THEY WOULD SEE THIS AS A MONEY SAVING SAVING EXCERCISE","","","","",1,"","","","","",NA,"TO MAKE USE OF EXISTING FACILITIES IN SMALL SCHOOLS","","","","",1,"","","","","",NA,"SEE THIS AS A FUDENT ACTION","","","","",1
597,"","","","","",NA,"THEIR CHILDREN HAVE NOT GOT INTO GRAMMAR SCHOOL","","","","",1,"","","","","",NA,"THEIR CHILD HAS RECEIVED ENTRY INTO GRAMMAR SCHOOL","CHILDREN WHO HAVE PROVEN THEIR ABILITY SHOULD BE PUSHED FORWARD","","","",2,"","","","","",NA,"TO BE EDUCATED IN THEIR OWN FAITH","","","","",1,"","","","","",NA,"THEY SHOULD BE EDUCATED IN ALL FAITHS","","","","",1,"","","","","",NA,"TO PROVIDE MORE INTEGRATION IN SOCIETY","REDUCE SECTARIANISM","","","",2,"","","","","",NA,"THEY WANTED EXCLUSIVE RELIGION","","","","",1,"","","","","",NA,"A NICE TRANSITION INTO SECONDARY EDUCATION","","","","",1,"","","","","",NA,"THEY WOULD PREFER CHILDREN TO CHANGE SCHOOL AT AGE 11","","","","",1
598,"","","","","",NA,"ALL EQUAL","","","","",1,"","","","","",NA,"","","","","",0,"","","","","",NA,"","","","","",0,"","","","","",NA,"","","","","",0,"","","","","",NA,"","","","","",0,"","","","","",NA,"NO REASONS TO DISAGREE","","","","",1,"","","","","",NA,"","","","","",0,"","","","","",NA,"","","","","",0
599,"","","","","",NA,"","","","","",0,"","","","","",NA,"","","","","",0,"","","","","",NA,"","","","","",0,"","","","","",NA,"","","","","",0,"","","","","",NA,"","","","","",0,"","","","","",NA,"","","","","",0,"","","","","",NA,"","","","","",0,"","","","","",NA,"","","","","",0
601,"","","","","",NA,"","","","","",0,"","","","","",NA,"","","","","",0,"","","","","",NA,"WOULD PREFER MIXED SCHOOLS","","","","",1,"","","","","",NA,"","","","","",0,"","","","","",NA,"","","","","",0,"","","","","",NA,"","","","","",0,"","","","","",NA,"","","","","",0,"","","","","",NA,"","","","","",0
606,"","","","","",NA,"ALL CHILDREN SHOULD BE TAUGHT THE SAME","","","","",1,"","","","","",NA,"","","","","",0,"","","","","",NA,"","","","","",0,"","","","","",NA,"","","","","",0,"","","","","",NA,"","","","","",0,"","","","","",NA,"","","","","",0,"","","","","",NA,"","","","","",0,"","","","","",NA,"","","","","",0
608,"","","","","",NA,"EQUAL OPPORTUNITIES","INTEGRATION","","","",2,"","","","","",NA,"MORE ACADEMIC SCHOOLS","DONT WANT INTEGRATION","","","",2,"","","","","",NA,"DONT WANT INTEGRATION","","","","",1,"","","","","",NA,"FOR INTEGRATION","","","","",1,"","","","","",NA,"LEARN FROM EACH OTHER","","","","",1,"","","","","",NA,"","","","","",0,"","","","","",NA,"","","","","",0,"","","","","",NA,"","","","","",0
610,"","","","","",NA,"","","","","",0,"","","","","",NA,"MIGHT FEEL PREJUDICE TOWARDS A CHILD WITH A SPECIAL NEED","","","","",1,"","","","","",NA,"THEY DON'T AGREE WITH THE OTHER RELIGIONS.","","","","",1,"","","","","",NA,"GOOD TO HAVE TWO COMMUNITIES MIXING ONLY WAY TO SOLVE THE PROBLEMS","","","","",1,"","","","","",NA,"DOESN'T MATTER WHAT RELIGION YOU HAVE CAN BOTH LEARN THE SAME THING","","","","",1,"","","","","",NA,"","","","","",0,"","","","","",NA,"","","","","",0,"","","","","",NA,"7 YEAR OLDS TOO YOUNG TO BE AROUND 14 YEAR OLDS","","","","",1
617,"","","","","",NA,"EVERYONE THE SAME CHANCE","GOOD WIDE CURRCULUM","","","",2,"","","","","",NA,"","","","","",0,"","","","","",NA,"BETTER EDUCATION TOWARDS THEIR OWN RELIGION","","","","",1,"","","","","",NA,"TO LIVE TOGETHER","","","","",1,"","","","","",NA,"TO LIVE TOGETHER","","","","",1,"","","","","",NA,"","","","","",0,"","","","","",NA,"LESS EXPENSIVE","","","","",1,"","","","","",NA,"INTIMADATING FOR YOUNGER CHILDREN","","","","",1
620,"","","","","",NA,"","","","","",0,"","","","","",NA,"PEOPLES CHOICE.","THE CHILDS ABILITY.","RELIGIOUS REASONS.","THE AREA THAT THEY ARE FROM.","",4,"","","","","",NA,"PARENTS VIEWS.","RELIGION AND CULTURE DIFFERENCES.","","","",2,"","","","","",NA,"UPBRINGING.","TRYING TO MOVE ON.","","","",2,"","","","","",NA,"CHILDREN ARE MIXING TOGETHER.","","","","",1,"","","","","",NA,"DIFFERENT BACKGROUND AND RELIGION.","","","","",1,"","","","","",NA,"","","","","",0,"","","","","",NA,"AGE AND MATURIRTY DIFFERENCES.","","","","",1
628,"","","","","",NA,"","","","","",0,"","","","","",NA,"PEOPLE WHO WANT CHILDREN TO GO TO GRAMMAR SCHOOL","","","","",1,"","","","","",NA,"PARENTS WOULD WANT CHILDREN TO GROW UP IN THEIR OWN RELIGION","SECTARIAN","","","",2,"","","","","",NA,"BECAUSE T WANT CHILDREN TO MIX WITH OTHER RELIGION","MAYBE PARENTS ARE OF DIFFERENT RELIGION","","","",2,"","","","","",NA,"THEY WANT THEIR CHILDREN TO LEARN DIFFERENT POINT OF VIEW","","","","",1,"","","","","",NA,"WITH SO MANY FRONTIERS IN THE COUNTRY PARENTS WANT CHILD TO LEARN THE RELIGION BEING PRACTICED AT HOME","","","","",1,"","","","","",NA,"","","","","",0,"","","","","",NA,"THE MAY NOT LIKE CHANGE","","","","",1
641,"","","","","",NA,"PARENTS HAVE CHILDREN OF DIFFERENT ABILITIES","","","","",1,"","","","","",NA,"CHILDREN WITH SPECIAL NEEDS WOULD NEED SPECIAL SCHOOLS.","","","","",1,"","","","","",NA,"SCHOOLS WITH ONE RELIGION IS THE ONLY PLACE PARENTS THINK CHILD WILL LEARN ABOUT THEIR OWN RELIGION","","","","",1,"","","","","",NA,"ONGOING POLITICS WOULD MEAN THAT THIS MIGHT HELP THE PEACE PROCESS.","","","","",1,"","","","","",NA,"","","","","",0,"","","","","",NA,"","","","","",0,"","","","","",NA,"GIVE THE CHILDREN MORE CONFIDENCE, MIXING WITH A WIDER RANGE OF AGES.","","","","",1,"","","","","",NA,"BULLYING ISSUE. YOUNGER CHILDREN MIGHT BE BULLIED BY OLDER.","","","","",1
644,"","","","","",NA,"IT DOESNT DIFFERENCIATE BETWEEN CHILDREN","","","","",1,"","","","","",NA,"THEY CAN HELP THE CHILDREN CONCERNED BETTER","","","","",1,"","","","","",NA,"DONT WANT THEM TO MIX WITH ANY OTHER RELIGION","","","","",1,"","","","","",NA,"A BETTER SOCIAL GROUNDING","","","","",1,"","","","","",NA,"WANT THEM TO MIX WITH OTHER RELIGIONS","","","","",1,"","","","","",NA,"THEY DONT WANT THE CHILDREN MIXING","","","","",1,"","","","","",NA,"","","","","",0,"","","","","",NA,"","","","","",0
660,"","","","","",NA,"GREATER CHOICE OF SCHOOLS","EQUALITY","","","",2,"","","","","",NA,"AFRAID THEIR OWN SCHOOLS WOULD SUFFER - ELITE SCHOOLS HAVE BROADER SPREAD OF SKILL","NOT SAME OPPORTUNITYS IN ONE SCHOOL AS ANOTHER","","","",2,"","","","","",NA,"IF THEY WERE BROUGHT UP IN FAITH, WANT CHILDREN TO LEARN THE FAITH AND TO BE SUPPORTED BY TEACHERS AND STUDENTS","","","","",1,"","","","","",NA,"IT WOULD BE GREATER EQUALITY","LEARN A DIFFERENT BACKGROUND","CHILDREN HAVE MORE BALANCED VIEW / ROUNDED OPINION","","",3,"","","","","",NA,"GREATER CHOICE IN CLASSES / OPPORTUNITIES TO SHARE EXPERIENCES OR NOT SHARE","IMPROVE CROSS BORDER RELATIONS","","","",2,"","","","","",NA,"AFRAID TO ACCEPT CHANGE","BELIEFS WOULD BE COMPROMISED","","","",2,"","","","","",NA,"HANDY IF ELDER SIBLINGS WERE IN SCHOOL","YOUNGER CHILDREN LOOK UP TO OLDER PUPILS IN SCHOOL","","","",2,"","","","","",NA,"THEY ARE AFRAID OF AS CHILDREN GET OLDER OF BULLYING","EDUCATION WOULD SUFFER / OLDER CHILDREN MORE ATTENTION","","","",2
674,"","","","","",NA,"","","","","",0,"","","","","",NA,"","","","","",0,"","","","","",NA,"","","","","",0,"","","","","",NA,"","","","","",0,"","","","","",NA,"","","","","",0,"","","","","",NA,"","","","","",0,"","","","","",NA,"","","","","",0,"","","","","",NA,"","","","","",0
682,"","","","","",NA,"GOOD FOR THE CHILDREN","MAKE THE PARENTS THINK ABOUT STUFF","MIGHT CHANGE THEIR OUTLOOK","","",3,"","","","","",NA,"THE SYSTEM IS FINE","","","","",1,"","","","","",NA,"DON'T WANT TO CHANGE THEIR POLICTICS","","","","",1,"","","","","",NA,"BETTER START","CREATES A BETTER RELATIONSHIP","","","",2,"","","","","",NA,"SHOULDN'T BE A PROBLEM WITH RELIGION","","","","",1,"","","","","",NA,"","","","","",0,"","","","","",NA,"CATERS FOR THE CHANGE BETWEEN CHILDHOOD AND TEENAGE YEARS","","","","",1,"","","","","",NA,"","","","","",0
684,"","","","","",NA,"","","","","",0,"","","","","",NA,"","","","","",0,"","","","","",NA,"MIGHT BE AFRAID OF LOSING THEIR OWN IDENTITY","","","","",1,"","","","","",NA,"WILL PROVIDE INSIGHTS INTO OTHER RELIGIONS","","","","",1,"","","","","",NA,"","","","","",0,"","","","","",NA,"","","","","",0,"","","","","",NA,"THE AGE DIFFERENCE","","","","",1,"","","","","",NA,"","","","","",0
693,"","","","","",NA,"THEY THINK CHILDREN DEVELOP AT DIFFERENT RATES","PREVENTS CHILDREN BEING STREAMLINED / PUT DOWN OR CALLED FAILURES AT YOUNG AGE","","","",2,"","","","","",NA,"SYSTEM SEEMS TO WORK - CURRENTLY","HIGH QUALIFICATIONS","","","",2,"","","","","",NA,"THINK THAT CHILDREN ARENT GETTING ENOUGH PARENTAL GUIDENCE IN RELIGION - BOOSTED BY EDUCATION","IGNORANCE IS BLISS - STAY AWAY FROM EACHOTHER - TO PROMOTE SEPERATION","","","",2,"","","","","",NA,"MOST PEOPLE SAY RELIGION IS PERSONAL AND IS NOT IMPORTANT IN EVERYDAY LIFE","HAVE NO RELIGION DON'T WANT CHILDREN TO BE DOCTRINATED","","","",2,"","","","","",NA,"MORE ECONOMICALY VIABLE","MAKE SENSE","","","",2,"","","","","",NA,"BECAUSE THEY SHOULD HAVE OWN SCHOOL FOR OWN RELIGION","","","","",1,"","","","","",NA,"ELEVEN IS TOO EARLY TO JUDGE","DEVELOPMENT ACADEMICALLY LATER THAN 11,","HARD TO PIGEON HOLE","","",3,"","","","","",NA,"BECAUSE THEY THINK THAT GRAMMAR SYSTEM WORKS","AFRAID OF COMPREHENSIVE SYSTEM","FOURTEEN ISD TOO LATE TO START STRESS ACADEMIC ABILITY","","",3
736,"","","","","",NA,"EVERYBODY HAS THE SAME CHANCE AT EDUCATION","TO GET THE CHILDREN TO BOND BETTER","ALL CHILDREN TO HAVE A FAIR CHANCE AT EDUCATION","","",3,"","","","","",NA,"PARENTS WHO ARE WEATHLY THINK THAT THEIR CHILDREN SHOULD GET A BETTER EDUCATION","","","","",1,"","","","","",NA,"PARENTS THINK THAT RELIGION INVOLVING TWO DIFFERENT RELIGIONS CANT BE TAUGHT IN THE SAME CLASSROOM","","","","",1,"","","","","",NA,"THAT THE CHILDREN SHOULD LEARN TO LIVE TOGETHER PEACEFULLY REGARDLESS OF THEIR RELIGION","THAT THE CHILDREN SHOULD RESPECT EACH OTHER REGARDLESS OF THEIR RELIGION","","","",2,"","","","","",NA,"LEARN TO LIVE WITH EACH OTHER","THE CHILDREN TO MIX BETTER AND GET ON WELL WITH NO FIGHTING OR ARGUING","","","",2,"","","","","",NA,"DONT WANT CHILDREN WITH DIFFERENT RELIGIONS TO MIX","","","","",1,"","","","","",NA,"","","","","",0,"","","","","",NA,"","","","","",0
754,"","","","","",NA,"TO GIVE CHILDREN MORE CHOICE","","","","",1,"","","","","",NA,"LOSING IDENTITY AND DIVERSITY","","","","",1,"","","","","",NA,"CULTURE IN NORTHERN IRELAND","","","","",1,"","","","","",NA,"INTEGRATION","LOOKING FORWARD","HAVE TO WORK TOGETHER TO LEARN","THERES NO BETTER PARTNERSHIP FOR CHILDREN GROWING UP","",4,"","","","","",NA,"CHILDREN SHOULD LEARN TOGETHER AND UNDERSTAND EACH OTHER","","","","",1,"","","","","",NA,"HARDLINE","INTOLERANCE","STRONG IN THEIR VIEWS","NOT WANTING TO BE FACED WITH ANY CHALLANEGES","",4,"","","","","",NA,"COST","","","","",1,"","","","","",NA,"BULLYING","NOT HEALTHY TO HAVE THEM MIXED","DIFFERENT TIME IN LIFE FOR THE DIFFERENT AGES","NOT FAIR FOR YOUNGER KIDS TO BE IN THE SAME ENVIRONMENT AS THE OLDER KIDS","",4
755,"","","","","",NA,"SO CHILDREN ARE NOT SEPARATED AT 11","DONT WANT CHILD TO FAIL TOO YOUNG","GET RID OF SOCIAL STATUS OF GRAMMAR SCHOOLS","","",3,"","","","","",NA,"SELECTIVE SYSTEM HAS WORKED FOR SO LONG","DON'T HAVE TO STREAM CHILDREN IN COMPREHENSIVE SYSTEM","TEACHERS ARE QUITE HAPPY AND AFRAID OF THE UNKNOWN","","",3,"","","","","",NA,"TO SAFE GUARD FAITH","COULD CAUSE SOCIAL DIFFERENCES","","","",2,"","","","","",NA,"PROVIDE CHILDREN WITH WIDER EDUCATION","I FEEL IT WOULD ENCOURAGE BETTER INTEGRATION","","","",2,"","","","","",NA,"ATTEMPTING TO MOVE FORWARD","","","","",1,"","","","","",NA,"FAIR OF THE UNKNOWN","","","","",1,"","","","","",NA,"GETS OVER T HE SEPERATION AT 11","","","","",1,"","","","","",NA,"HAPPY ENOUGH WITH EXISTING SYSTEM","","","","",1
759,"","","","","",NA,"TO ENABLE THEIR CHILDREN TO GO ON","MAKE THEM MORE AVAILABLE TO THE WORK PLACE","","","",2,"","","","","",NA,"POLITICAL CONSIDERATIONS","DONT UNDERSTAND OTHER RELIGION","","","",2,"","","","","",NA,"MORE CONFIDENT ABOUT SENDING THEIR CHILDREN TO SCHOOLS THAT THEY CAN MIX WITH PUPILS OUTSIDE OF THE SCHOOL","","","","",1,"","","","","",NA,"POLITICAL SITUATION HAS MOVED ON SO FEEL THE EDUCATION SYSTEM SHOULD MOVE ON TOO","","","","",1,"","","","","",NA,"MAKES MORE ECONOMIC SENSE","","","","",1,"","","","","",NA,"DONT WANT THEM MIXING IN CLASSROOM ENVIRONMENT","","","","",1,"","","","","",NA,"CONTINUITY OF EDUCATION","NOT HAVING TO MOVE SCHOOLS AT ELEVEN,WAITING TILL THEY ARE MORE MATURE TO HANDLE CHANGE","","","",2,"","","","","",NA,"DOESNT ALLOW YOUNGER PEOPLE TO MATURE AS MUCH","","","","",1
764,"","","","","",NA,"","","","","",0,"","","","","",NA,"","","","","",0,"","","","","",NA,"PEACE IN THE COUNTRY","","","","",1,"","","","","",NA,"","","","","",0,"","","","","",NA,"","","","","",0,"","","","","",NA,"","","","","",0,"","","","","",NA,"","","","","",0,"","","","","",NA,"","","","","",0
770,"","","","","",NA,"HAVE TWO RELIGIONS EDUCATED TOGETHER","","","","",1,"","","","","",NA,"SEGREGATION","","","","",1,"","","","","",NA,"WARINESS","","","","",1,"","","","","",NA,"BRING TWO COMMUNITIES TOGETHER","","","","",1,"","","","","",NA,"TO BRING COMMUNITIES TOGETHER","","","","",1,"","","","","",NA,"DON'T WANT MIXING","","","","",1,"","","","","",NA,"DO AWAY WITH 11+","","","","",1,"","","","","",NA,"IN FAVOUR OF GRAMMAR SCHOOLS","IN FAVOUR OF SPLITTING THE LEVELS OF EDUCATION","","","",2
771,"","","","","",NA,"PARENTS WANT THEIR LOCAL SCHOOLS TO SUPPORT THESE DUE TO TRANSPORTATION","WANT TO BE THERE WITH OTHER SCHOOL CHILDREN","","","",2,"","","","","",NA,"TOO FINANCIALLY BURDENING ON THE GOVERNMENT","THEY DONT WANT THE CHANGE","","","",2,"","","","","",NA,"THEIR BELIEF, THEY WANT THEIR CHILD TO BE TAUGHT ONE SECTYION IN THEIR COMMUNITY SCHOOL","IF YOU VIEWED THE OTHER RELIGION AS DIFFERENT","","","",2,"","","","","",NA,"IT THE WAY FORWARD","THEIR CHILD WIL BE A MORE ROUNDED PERSON","LOCATION TO THE TOWN","IT SUITS THEIR CHILDMINDING ARRANGEMENTS","",4,"","","","","",NA,"MUTUAL RESPECT","REGARD FOR EACH OTHERS BELIEF","UNDERSTANDING WHERE THEY ARE COMING FROM","RESPECTING THEIR TRADITION","",4,"","","","","",NA,"DONT WANT THE CHANGE","\"MIXING WITH THE ENEMY\"","LACK OF RESPECT","LACK OF KNOWLEDGE","",4,"","","","","",NA,"PEOPLE ARE QUITE OPPOSED TO SELECTION AT THE AGE OF 11, AS THAT IS AN IN BETWEEN AGE","IT DOES AWAY WITH TEACHING FOR ONE EVENT 11+ DOES AWAY WITH THE SLECTION PROCESS","","","",2,"","","","","",NA,"THEY STILL WANT THE SELECTION PROCEDURE","SNOBBERY","JUST OPPOSED TO SOMETHING NEW","AS HUMAN BEING WE LOOK OUT FOR OUR FAMILY. NOT ALL OUR CHILDREN HAVE GOOD LEARNING ABILITIES, SO WE WOULD LIKE THEM TO LEAVE SCHOOL AFTER A PROPER EDUCATION","",4
774,"","","","","",NA,"SO EVERY CHILD HAS THE SAME OPPORTUNITIES","","","","",1,"","","","","",NA,"","","","","",0,"","","","","",NA,"AS FAR AS HEY ARE CONCERNED THEY ARE RIGHT REST IS WRONG","","","","",1,"","","","","",NA,"PEOPLE WHO ARE MIDDLE OF THE ROAD RELIGION SHOULD NOT ENTER SCHOOLS AT ALL","","","","",1,"","","","","",NA,"NO REASON THEY SHOULD NOT BE TAUGHT TOGETHER","","","","",1,"","","","","",NA,"","","","","",0,"","","","","",NA,"CAN BE TOO MUCH FOR YOUNG CHILDREN TO MOVE ON","","","","",1,"","","","","",NA,"SO MUCH AWAY FROM EDUCATION ALL T SEE IS SYSTEM","","","","",1
776,"","","","","",NA,"","","","","",0,"","","","","",NA,"","","","","",0,"","","","","",NA,"INTERACTING","LEARNING THEIR OWN RELIGION","GOING TO SCHOOLS IN THE COMMUNITY WITH THEIR OWN FRIENDS AND NEIGHBOURS","","",3,"","","","","",NA,"INTERGRATED MIX OF PROTESTANTS AND CATHOLICS","NO SECTARIANISM","","","",2,"","","","","",NA,"MIXING/INTERACTING","GETTING TO KNOW OTHER PEOPLES DIVERSIONS","","","",2,"","","","","",NA,"TIME WASTING","HAVE TO TAKE CHILDREN OUT OF THE SCHOOLS","THEY SHOULD BE TAUGHT WITHIN THE SCHOOL, SUBJECTS SHOULD BE AVAILABLE","","",3,"","","","","",NA,"NOT SUCH A BIG STEP TO LEAVE PRIMARY SCHOOL","KNOW THE TEACHERS WHEN THEY'RE GOING TO POST-PROAMRY","","","",2,"","","","","",NA,"","","","","",0
783,"","","","","",NA,"EACH CHILD ENTITLED TO THE BEST EDUCATION REGARDLES OF RELIGION AND BACKGROUND","","","","",1,"","","","","",NA,"RELIGION","","","","",1,"","","","","",NA,"RELIGION","","","","",1,"","","","","",NA,"OPEN-MINDED","AWARE THAT CHILDREN WILL BE IN CONTACT WITH RELIGION AND BACKGROUND IN THE FUTURE","","","",2,"","","","","",NA,"RELIGION","","","","",1,"","","","","",NA,"RELIGION","","","","",1,"","","","","",NA,"BETTER STANDARD OF EDUCATION","","","","",1,"","","","","",NA,"IGNORANCE AND DONT LIKE CHANGE","","","","",1
784,"","","","","",NA,"EVERY CHILD SHOULD HAVE EQUAL OPPORTUNITIES","","","","",1,"","","","","",NA,"THINK LESS INTELLIGENT CHILDREN SHOULD BE IN SEPARATE SCHOOLS","RELIGION","SINGLE SEX SCHOOLS","","",3,"","","","","",NA,"","","","","",0,"","","","","",NA,"RESPECT DIFFERENT PEOPLES RELIGIONS","RESPECT DIFFERENT CULTURES","","","",2,"","","","","",NA,"","","","","",0,"","","","","",NA,"RELIGION","","","","",1,"","","","","",NA,"CUT DOWN ON COSTS FOR SEPERATE SCHOOLS","","","","",1,"","","","","",NA,"NEED TO BE SEPARTATE /YOUNGER ONES COULD BE BULLIED","","","","",1
792,"","","","","",NA,"","","","","",0,"","","","","",NA,"","","","","",0,"","","","","",NA,"","","","","",0,"","","","","",NA,"","","","","",0,"","","","","",NA,"LEARN TO APPRECIATE OTHERS","","","","",1,"","","","","",NA,"","","","","",0,"","","","","",NA,"","","","","",0,"","","","","",NA,"","","","","",0
809,"","","","","",NA,"","","","","",0,"","","","","",NA,"","","","","",0,"","","","","",NA,"","","","","",0,"","","","","",NA,"","","","","",0,"","","","","",NA,"","","","","",0,"","","","","",NA,"","","","","",0,"","","","","",NA,"","","","","",0,"","","","","",NA,"","","","","",0
818,"","","","","",NA,"","","","","",0,"","","","","",NA,"","","","","",0,"","","","","",NA,"","","","","",0,"","","","","",NA,"","","","","",0,"","","","","",NA,"","","","","",0,"","","","","",NA,"","","","","",0,"","","","","",NA,"","","","","",0,"","","","","",NA,"","","","","",0
